revenu,depnaiss,datenaiss,duree,montcred,situfam,ancienn,cb,incident
846.223497,1,1938,17,846,0,55,0,0
628.276162,1,1941,12,1256,0,51,1,0
3302.20604,1,1942,8,6604,1,50,1,0
934.953478,1,1945,10,934,0,57,0,0
955.154674,1,1951,11,955,0,55,0,0
2242.116428,1,1954,10,2242,1,39,1,0
2151.192323,1,1955,16,4302,1,51,1,0
2905.077196,1,1956,8,2905,1,51,1,0
1393.039628,1,1957,11,1393,0,39,1,0
3042.584348,1,1960,8,3042,1,43,1,0
2141.121629,1,1961,15,4282,1,43,1,0
400.828244,1,1964,6,801,0,43,1,0
2193.36123,1,1965,13,2193,1,37,1,0
2352.187464,1,1965,15,2352,1,32,1,0
915.713634,1,1968,6,915,0,31,0,0
1005.278931,1,1968,11,1005,0,31,1,0
611.5469,1,1969,13,1223,0,35,0,0
2063.416311,1,1973,6,4126,1,31,1,0
1850.149992,1,1973,13,1850,1,20,1,0
1073.203706,1,1975,14,2146,0,29,1,0
3697.392033,1,1977,7,7394,1,21,1,0
1259.765015,1,1978,8,2519,0,28,1,0
621.919402,1,1980,6,1243,0,19,1,0
691.021755,1,1981,9,691,0,14,0,0
651.735485,1,1988,8,1303,0,8,1,0
3752.208332,1,1988,14,7504,1,5,0,0
1328.255922,1,1989,9,1328,0,16,1,0
1331.011995,1,1991,7,1331,0,12,1,0
4373.263867,1,1991,15,8746,1,5,1,0
713.239804,1,1993,7,1426,0,11,1,0
1661.045548,1,1994,18,1661,1,11,1,0
5177.258866,1,1999,15,5177,1,5,0,0
2299.513562,1,2001,18,2299,1,1,1,0
2864.847163,1,2003,14,2864,1,1,0,0
2403.558823,1,2004,12,4807,1,1,1,0
4712.694202,1,2006,7,9425,1,1,0,1
5214.718686,1,2008,11,5214,1,1,1,0
1605.738737,2,1937,6,1605,1,59,1,0
971.947753,2,1940,12,1943,0,58,1,1
442.019297,2,1941,9,884,0,59,0,0
2381.333861,2,1942,14,4762,1,53,1,1
1487.334535,2,1945,10,2974,1,53,1,0
1619.464429,2,1947,12,1619,1,56,1,0
2711.490191,2,1950,15,2711,1,48,1,0
1970.314983,2,1952,9,3940,1,55,1,0
797.682819,2,1955,7,1595,0,43,0,0
744.298758,2,1955,8,1488,0,44,0,0
696.453426,2,1956,10,1392,0,41,1,1
5300.613496,2,1957,9,10601,1,48,1,1
808.394308,2,1958,17,1616,0,34,1,1
2154.45728,2,1958,13,2154,1,45,1,0
4024.789818,2,1963,9,4024,1,43,1,0
845.534461,2,1963,15,845,0,44,1,0
1947.425646,2,1965,13,3894,1,27,1,1
703.288689,2,1970,14,1406,0,29,0,0
504.148969,2,1976,9,504,0,30,1,0
425.600646,2,1977,9,425,0,21,0,0
1019.531011,2,1979,9,1019,0,16,1,0
3052.329915,2,1981,15,3052,1,17,1,0
530.651802,2,1983,12,1061,0,22,1,0
1203.301751,2,1985,18,2406,0,19,1,1
411.374148,2,1992,15,822,0,1,0,1
1976.558148,2,1994,10,1976,1,10,0,0
496.000621,2,2000,13,496,0,3,0,0
4590.896415,2,2007,6,9181,1,1,0,0
1300.637982,2,2008,15,2601,0,1,0,0
1781.641325,2,2008,9,3563,1,1,0,0
4449.597791,3,1934,10,8899,1,73,1,1
1566.497482,3,1940,18,1566,1,60,1,0
669.135936,3,1944,11,1338,0,54,0,0
655.625612,3,1949,17,655,0,57,1,0
712.636956,3,1955,8,1425,0,38,0,0
1292.105496,3,1955,11,1292,0,49,1,1
607.970539,3,1956,8,607,0,48,1,0
1341.00401,3,1957,11,2682,0,38,1,0
1606.353867,3,1963,15,1606,1,37,1,0
1598.818819,3,1963,18,1598,1,43,1,0
3082.525253,3,1965,14,6165,1,30,1,0
5034.666667,3,1970,13,5034,1,32,1,0
2451.799874,3,1970,17,4903,1,28,1,1
1041.18324,3,1973,17,1041,0,24,1,0
512.694152,3,1973,12,512,0,30,0,0
5229.830852,3,1974,7,10459,1,22,1,1
3136.364997,3,1974,12,3136,1,21,1,0
1003.83253,3,1978,7,1003,0,28,1,0
859.505463,3,1983,18,1719,0,18,1,1
2408.950357,3,1986,14,2408,1,20,1,0
1908.901565,3,1990,8,3817,1,2,1,0
8286.866135,3,1990,7,16573,1,14,1,0
4049.804363,3,1991,16,4049,1,6,0,0
1111.838001,3,1993,9,1111,0,5,1,0
3948.985929,3,1995,14,7897,1,2,0,0
510.575317,3,2002,9,510,0,4,0,0
901.307314,3,2007,11,1802,0,1,0,0
2377.821134,3,2008,12,2377,1,1,1,0
1554.311613,3,2008,6,3108,1,1,0,0
1717.223356,4,1935,12,1717,1,59,1,0
415.932,4,1940,10,415,0,61,0,0
4136.131421,4,1945,14,8272,1,59,1,0
651.347003,4,1946,16,1302,0,57,0,1
1767.959745,4,1948,10,3535,1,49,1,0
3434.218025,4,1949,7,6868,1,48,1,0
1577.166754,4,1950,17,1577,1,56,1,0
4362.453301,4,1953,16,4362,1,47,1,0
961.510735,4,1955,10,1923,0,39,0,0
1025.454173,4,1959,13,2050,0,42,1,1
2084.115533,4,1962,14,4168,1,44,1,0
1979.642307,4,1962,15,1979,1,40,1,0
5491.74859,4,1965,10,5491,1,29,1,0
1557.133522,4,1967,7,3114,1,34,1,0
634.41259,4,1971,16,1268,0,27,1,0
619.601783,4,1971,14,1239,0,35,0,0
2200.136126,4,1976,10,2200,1,31,1,0
949.588062,4,1977,11,949,0,25,0,1
565.358319,4,1978,14,1130,0,17,0,0
2057.265621,4,1978,16,4114,1,27,1,0
909.548932,4,1981,9,909,0,26,0,0
1111.629656,4,1981,13,2223,0,16,1,1
1500.54252,4,1987,13,3001,1,8,0,0
1284.571021,4,1987,9,2569,0,10,1,0
1338.261853,4,1987,17,2676,0,20,1,1
846.498552,4,1987,6,1692,0,20,0,0
1375.695267,4,1988,8,2751,0,12,1,1
630.162031,4,1990,7,1260,0,4,0,0
1336.951762,4,1991,9,1336,0,5,0,0
2695.006392,4,1992,14,2695,1,8,1,0
1569.337245,4,1995,7,1569,1,1,0,0
576.535798,4,1995,6,576,0,1,1,0
3477.330561,4,1998,14,6954,1,9,0,0
4641.800035,4,2002,13,4641,1,1,0,0
847.658924,4,2002,16,847,0,3,1,0
3971.599872,4,2006,17,7943,1,1,0,1
890.894261,4,2006,12,890,0,1,1,0
2274.0549,4,2007,9,4548,1,1,0,0
743.221255,4,2008,12,1486,0,1,0,0
2072.571514,5,1936,13,4145,1,70,1,0
1966.186695,5,1936,12,3932,1,71,1,1
1055.910599,5,1938,11,2111,0,63,1,0
1293.231303,5,1939,14,2586,0,56,1,0
1212.338997,5,1940,16,1212,0,66,1,0
3466.3604,5,1942,14,6932,1,63,1,0
1133.93461,5,1946,7,2267,0,58,1,0
725.809298,5,1947,8,1451,0,47,1,0
598.020216,5,1947,14,1196,0,57,0,0
1273.831013,5,1951,11,1273,0,47,1,0
1046.214382,5,1951,9,2092,0,53,1,0
743.750882,5,1952,8,743,0,43,0,0
472.663006,5,1953,13,945,0,39,1,0
1220.587102,5,1953,17,2441,0,51,1,0
2625.777783,5,1954,9,5251,1,41,1,0
578.71453,5,1954,18,1157,0,50,1,1
2007.031551,5,1967,18,2007,1,28,1,1
652.600156,5,1967,9,652,0,38,0,0
1505.270029,5,1973,13,3010,1,19,1,0
2592.92057,5,1974,13,5185,1,32,1,0
753.915476,5,1977,17,1507,0,23,0,0
945.134712,5,1981,11,945,0,17,1,0
8398.44137,5,1982,7,16796,1,16,1,1
1456.817099,5,1989,15,1456,1,9,1,0
823.81563,5,1993,14,823,0,9,1,1
5204.735157,5,1994,16,5204,1,3,1,0
573.811831,5,1996,14,1147,0,4,1,1
3963.669332,5,1997,6,7927,1,9,1,1
1451.992405,5,1997,7,1451,1,1,0,0
2973.043866,5,1999,17,5946,1,1,0,0
5449.236489,5,2000,10,5449,1,6,0,0
1563.626212,6,1935,15,1563,1,57,1,1
1083.551773,6,1936,13,1083,0,56,1,0
1573.347656,6,1936,11,1573,1,59,1,0
1853.37015,6,1938,7,1853,1,57,1,0
3038.541929,6,1938,10,3038,1,57,1,0
415.993955,6,1938,11,831,0,58,1,0
1115.549672,6,1940,13,1115,0,59,1,0
1158.725724,6,1942,12,1158,0,63,1,1
636.455132,6,1943,9,1272,0,54,0,1
1944.33662,6,1945,11,1944,1,54,1,0
6329.234912,6,1948,12,6329,1,58,1,0
642.151343,6,1955,16,642,0,51,1,0
1972.008128,6,1958,12,3944,1,40,1,1
4864.804971,6,1961,7,9729,1,36,1,0
535.673026,6,1962,17,535,0,39,0,0
499.41304,6,1966,9,499,0,35,0,0
427.188475,6,1966,10,854,0,32,1,0
5690.094915,6,1968,10,11380,1,36,1,1
909.310213,6,1971,10,909,0,24,0,0
1823.728306,6,1972,15,1823,1,24,1,0
4725.121307,6,1973,10,4725,1,22,1,0
5601.855974,6,1978,13,11203,1,23,1,0
688.549504,6,1979,14,688,0,19,0,0
1548.496822,6,1985,11,3096,1,17,1,0
2972.311897,6,1989,15,5944,1,15,1,0
2475.815107,6,1989,14,4951,1,17,1,0
1051.359057,6,1990,11,1051,0,17,1,0
462.468569,6,1990,13,924,0,15,0,1
443.243559,6,1993,7,886,0,9,1,0
1110.166955,6,1996,6,1110,0,1,0,0
438.247554,6,1998,10,876,0,5,0,0
837.951108,6,1999,16,837,0,1,0,0
1556.095666,6,2000,13,1556,1,1,1,0
1912.990195,6,2003,17,3825,1,1,0,1
4623.985217,6,2004,7,9247,1,1,0,0
1015.927682,6,2005,10,2031,0,1,0,0
635.844849,6,2007,11,635,0,1,0,0
729.25763,7,1934,14,1458,0,64,0,1
1450.408378,7,1937,15,1450,1,57,1,0
1083.009051,7,1938,17,1083,0,66,1,0
4425.823997,7,1943,7,4425,1,57,1,0
1389.540079,7,1945,13,1389,0,60,1,0
3218.516571,7,1946,18,3218,1,61,1,0
1008.083334,7,1950,11,1008,0,56,1,0
3381.770176,7,1953,16,6763,1,49,1,0
503.664559,7,1967,14,1007,0,27,0,0
1106.968689,7,1967,12,2213,0,40,1,0
1128.516438,7,1967,13,1128,0,32,1,0
1924.636034,7,1973,14,1924,1,32,1,1
1077.241985,7,1973,13,1077,0,25,1,0
686.257094,7,1975,14,1372,0,30,0,0
1390.131264,7,1976,14,2780,0,27,1,0
2427.2153,7,1976,12,2427,1,17,1,0
1182.494047,7,1979,16,1182,0,20,1,0
966.578257,7,1980,8,1933,0,20,0,0
804.515339,7,1984,7,804,0,18,1,0
737.500269,7,1985,15,737,0,15,1,0
2203.265392,7,1989,10,2203,1,17,1,0
5480.999477,7,1992,6,5480,1,8,1,0
2671.152651,7,1993,8,5342,1,4,1,0
807.071956,7,1993,17,807,0,1,0,0
2870.261639,7,1993,14,5740,1,1,1,0
733.561443,7,2002,9,733,0,1,0,1
533.292393,7,2003,18,533,0,1,1,0
1148.220221,8,1934,18,1148,0,62,1,0
1661.188663,8,1934,12,1661,1,65,1,0
3339.21753,8,1934,10,3339,1,58,1,0
575.888235,8,1935,12,1151,0,66,0,0
933.309928,8,1936,18,1866,0,62,0,0
2746.559268,8,1944,13,5493,1,62,1,0
409.8289,8,1948,15,819,0,52,0,1
1776.093905,8,1949,7,1776,1,57,1,0
2317.249393,8,1950,8,4634,1,47,1,0
1976.233956,8,1952,7,1976,1,42,1,0
2833.916514,8,1952,17,5667,1,52,1,0
1404.59048,8,1955,9,2809,1,43,1,0
512.736806,8,1965,13,1025,0,30,0,0
3231.406919,8,1965,6,6462,1,27,1,0
719.445808,8,1965,15,719,0,36,1,0
1220.014417,8,1965,14,1220,0,41,1,0
926.280412,8,1968,13,926,0,39,0,0
2506.255712,8,1969,12,2506,1,27,1,0
593.550119,8,1974,8,1187,0,20,0,1
491.589685,8,1974,8,983,0,21,0,0
705.522886,8,1975,11,1411,0,25,0,0
418.216832,8,1978,18,418,0,19,0,0
1088.672167,8,1978,6,1088,0,25,1,0
1884.451249,8,1983,17,3768,1,15,1,0
3777.95965,8,1983,12,3777,1,13,1,0
637.330496,8,1985,10,1274,0,12,0,0
1663.721871,8,1986,10,1663,1,16,1,0
2026.693987,8,1986,8,4053,1,13,1,1
489.759187,8,1987,14,979,0,19,1,0
5447.954892,8,1988,8,5447,1,16,1,0
661.473291,8,1989,11,1322,0,14,0,0
3484.088633,8,1990,7,6968,1,16,1,0
1149.038577,8,1994,7,1149,0,1,1,0
501.312426,8,1994,11,501,0,11,1,1
3654.812008,8,1995,17,3654,1,2,0,1
464.668924,8,1998,16,929,0,1,1,0
1162.549287,8,2000,13,2325,0,1,1,0
447.180345,8,2003,9,447,0,1,0,0
2071.269406,8,2005,14,2071,1,1,1,0
3022.237679,8,2006,14,6044,1,1,0,0
960.257802,8,2007,6,960,0,1,0,0
1592.397094,8,2007,11,3184,1,1,0,0
457.970235,8,2008,13,457,0,1,0,0
2209.473252,8,2008,15,2209,1,1,1,0
2355.641296,8,2008,8,2355,1,1,1,0
685.712226,9,1934,6,685,0,62,0,0
971.593962,9,1939,18,971,0,59,1,0
4653.905117,9,1940,10,4653,1,54,1,0
497.086576,9,1941,18,497,0,63,1,1
1480.381852,9,1941,11,1480,1,51,1,0
598.958029,9,1943,9,598,0,54,0,1
838.080375,9,1945,10,838,0,56,0,0
735.891987,9,1948,8,1471,0,45,1,0
2717.303618,9,1951,13,2717,1,54,1,1
2655.496918,9,1954,13,5310,1,53,1,1
688.026804,9,1958,14,688,0,47,1,0
637.926024,9,1963,10,637,0,36,1,0
2261.701537,9,1963,8,2261,1,32,1,0
806.937447,9,1966,7,806,0,28,0,0
1740.822602,9,1966,17,1740,1,26,1,0
2845.005852,9,1966,10,2845,1,39,1,0
1544.515754,9,1974,16,3089,1,28,1,0
962.139007,9,1974,8,962,0,22,0,0
1707.592289,9,1984,10,3415,1,16,1,0
3185.828372,9,1986,12,3185,1,15,1,0
2568.769115,9,1987,7,2568,1,16,1,0
527.223547,9,1987,6,527,0,12,0,0
2139.277081,9,1987,9,2139,1,13,1,0
1203.272461,9,1988,17,2406,0,13,1,0
420.899027,9,1990,7,841,0,13,1,0
426.280147,9,1994,10,852,0,3,1,0
1526.328643,9,1997,16,1526,1,1,1,0
2886.177738,9,2001,12,5772,1,6,1,0
2126.193891,9,2001,13,4252,1,1,0,0
1089.746934,9,2002,11,1089,0,1,1,0
1760.229858,9,2003,6,1760,1,1,0,0
467.994257,9,2005,14,935,0,1,0,0
574.66685,9,2005,12,574,0,1,0,0
627.711125,9,2006,15,627,0,1,1,0
570.160395,10,1935,13,570,0,72,1,0
661.0357,10,1939,6,1322,0,59,1,0
1495.427908,10,1940,6,2990,1,64,1,0
1931.118372,10,1949,12,3862,1,45,1,0
2018.561221,10,1951,8,2018,1,46,1,0
1089.453771,10,1951,6,2178,0,46,1,0
1169.695889,10,1953,10,1169,0,47,1,0
4713.471868,10,1963,16,4713,1,43,1,0
1252.396754,10,1964,14,1252,0,28,1,0
1323.757568,10,1966,6,2647,0,33,1,0
1446.623559,10,1967,7,1446,1,30,1,0
1436.009663,10,1968,12,1436,1,35,1,0
1306.6801,10,1971,9,1306,0,24,1,0
403.344026,10,1972,14,806,0,26,0,0
1386.467918,10,1974,8,1386,0,27,1,1
448.895453,10,1974,15,448,0,33,0,0
1963.286518,10,1977,13,1963,1,24,1,0
8166.378147,10,1981,15,8166,1,25,1,0
979.453847,10,1984,10,979,0,19,1,0
2492.88882,10,1986,8,2492,1,20,1,0
1959.896415,10,1989,8,3919,1,9,1,0
530.381237,10,1991,17,1060,0,7,0,1
505.946085,10,1992,12,1011,0,6,1,0
7541.604806,10,1999,9,15083,1,1,1,0
464.679288,10,1999,13,464,0,2,0,0
637.605464,10,1999,16,1275,0,2,0,0
1684.853935,10,1999,9,3369,1,1,1,0
1547.769146,10,2000,17,1547,1,3,1,0
1317.803836,10,2000,6,2635,0,1,1,0
724.042701,10,2002,9,724,0,1,0,0
1673.15938,10,2003,10,1673,1,1,1,0
570.48351,10,2007,10,570,0,1,1,0
1614.666509,10,2008,13,3229,1,1,0,0
811.210785,11,1941,12,1622,0,60,0,0
631.792441,11,1944,10,631,0,57,0,0
814.739455,11,1946,6,1629,0,61,0,1
1434.757331,11,1946,8,2869,1,49,1,0
2157.954757,11,1952,16,4315,1,44,1,1
831.0265,11,1955,13,1662,0,46,0,0
404.280325,11,1958,12,404,0,46,0,0
1208.116026,11,1958,10,2416,0,34,1,1
1601.505392,11,1960,8,3203,1,46,1,0
1030.513448,11,1961,9,2061,0,46,1,0
3575.876001,11,1970,16,3575,1,33,1,0
3547.211914,11,1975,6,3547,1,32,1,0
746.566382,11,1975,7,746,0,24,0,0
1771.948495,11,1977,7,3543,1,20,1,0
520.546262,11,1980,7,1041,0,24,0,0
1236.922522,11,1981,7,1236,0,19,1,0
1394.348644,11,1985,13,2788,0,16,1,0
3154.997511,11,1986,18,6309,1,20,1,0
4100.688285,11,1986,17,4100,1,9,0,0
777.534412,11,1986,16,777,0,8,0,0
1260.812746,11,1988,11,2521,0,7,0,0
1693.171235,11,1988,14,1693,1,4,0,0
1632.528801,11,1992,10,1632,1,10,0,0
488.89537,11,1993,13,977,0,5,0,0
962.487503,11,1993,9,1924,0,5,1,0
650.703135,11,1994,10,650,0,3,1,0
2188.543656,11,1996,15,2188,1,10,1,0
1063.655173,11,1998,17,1063,0,1,1,0
870.455447,11,1998,8,1740,0,2,0,0
1197.199813,11,2003,16,2394,0,1,0,0
990.96022,11,2004,11,990,0,1,1,0
489.316325,12,1934,13,489,0,68,0,0
1546.35898,12,1934,13,3092,1,72,1,0
731.253866,12,1944,11,731,0,55,1,0
1362.994035,12,1949,10,2725,0,53,1,1
1088.461284,12,1951,7,1088,0,48,1,0
694.696177,12,1952,9,1389,0,47,0,0
760.949531,12,1952,9,1521,0,54,0,0
1045.969713,12,1953,18,2091,0,50,1,1
638.177084,12,1954,6,638,0,53,1,0
449.09892,12,1956,6,898,0,41,0,0
741.265683,12,1958,16,741,0,34,1,1
6510.633956,12,1959,8,13021,1,47,1,0
996.451257,12,1966,9,1992,0,27,0,1
1512.078415,12,1968,6,1512,1,39,1,0
4279.346018,12,1968,14,4279,1,25,1,0
1194.610299,12,1970,14,2389,0,28,1,0
837.027312,12,1976,16,1674,0,22,1,0
1439.417803,12,1976,7,2878,1,26,1,0
1027.346158,12,1976,12,1027,0,23,1,0
411.379267,12,1977,8,822,0,18,0,0
2027.004189,12,1977,16,2027,1,26,1,0
3389.878573,12,1980,10,6779,1,14,1,0
1100.458074,12,1980,18,1100,0,24,1,0
1425.593062,12,1983,15,2851,1,19,1,0
578.076668,12,1983,16,578,0,13,0,0
1586.705502,12,1984,13,1586,1,13,1,0
9539.713502,12,1986,14,19079,1,7,0,1
772.369604,12,1990,9,772,0,2,0,0
1038.371711,12,1991,13,2076,0,12,1,0
1045.374287,12,2001,11,2090,0,1,0,1
2438.206544,12,2004,10,2438,1,3,0,0
530.652152,13,1935,16,530,0,70,0,1
922.117954,13,1937,6,922,0,59,1,0
1050.589307,13,1941,11,2101,0,63,1,0
504.888415,13,1950,12,1009,0,53,0,0
458.405394,13,1958,6,916,0,39,1,0
1668.429428,13,1959,17,3336,1,39,1,0
1121.851319,13,1959,16,1121,0,39,1,0
1586.464088,13,1961,9,3172,1,41,1,0
1420.276879,13,1963,6,2840,1,40,1,0
1085.682542,13,1963,15,2171,0,41,1,0
474.151899,13,1965,7,474,0,31,0,0
833.49889,13,1966,14,1666,0,40,0,0
704.875138,13,1968,18,704,0,34,1,0
599.038497,13,1969,7,599,0,25,1,0
1685.824794,13,1970,14,3371,1,27,1,0
745.082725,13,1971,13,1490,0,22,1,0
8953.665787,13,1971,8,17907,1,32,1,0
1910.846621,13,1973,11,1910,1,22,1,0
1278.919044,13,1973,6,1278,0,34,1,1
995.678726,13,1975,10,995,0,24,0,0
1518.75526,13,1977,11,1518,1,17,1,0
1223.792098,13,1979,17,1223,0,28,1,0
468.573148,13,1981,14,468,0,21,0,0
684.633288,13,1982,8,1369,0,17,1,0
1234.716295,13,1984,12,1234,0,21,1,0
2158.128227,13,1986,10,4316,1,21,1,0
1862.906756,13,1993,12,1862,1,10,0,0
1168.953728,13,1995,13,2337,0,1,1,0
2651.151374,13,1998,18,5302,1,1,0,0
411.659132,13,1999,15,411,0,1,1,0
1985.829193,13,2000,13,1985,1,4,0,0
1868.873123,13,2001,6,3737,1,1,0,0
1413.936166,13,2002,9,1413,1,1,1,0
7028.973693,14,1935,9,7028,1,69,1,0
2013.222932,14,1944,9,4026,1,59,1,0
686.960212,14,1945,12,686,0,61,0,0
3317.243229,14,1947,6,3317,1,59,1,0
1219.316863,14,1949,17,1219,0,48,1,0
5435.7875,14,1951,18,10871,1,51,1,0
1526.153549,14,1954,9,1526,1,42,1,1
442.705057,14,1955,14,442,0,37,0,0
562.719247,14,1955,14,1125,0,42,0,0
519.340499,14,1956,13,1038,0,40,1,1
1455.013041,14,1961,17,1455,1,37,1,0
1212.232006,14,1963,10,1212,0,38,1,0
5612.670966,14,1965,15,5612,1,42,1,0
5440.838995,14,1965,16,10881,1,42,1,0
2963.314827,14,1970,7,2963,1,35,1,0
9195.804616,14,1970,18,9195,1,34,1,0
1598.392162,14,1970,18,1598,1,24,1,0
873.045163,14,1970,17,873,0,31,1,0
1350.16177,14,1973,10,1350,0,32,1,0
1357.414706,14,1973,12,2714,0,23,1,1
4247.237219,14,1974,6,4247,1,18,1,0
502.760988,14,1975,18,502,0,30,0,0
5376.671682,14,1978,6,5376,1,15,1,0
1053.079904,14,1980,7,1053,0,16,1,0
892.221284,14,1981,10,892,0,26,0,0
403.307087,14,1982,18,806,0,15,0,1
6507.379932,14,1984,12,6507,1,12,1,0
1290.729922,14,1985,18,2581,0,9,0,0
2309.604861,14,1993,10,2309,1,2,1,0
1209.736072,14,1994,11,2419,0,5,0,0
581.327065,14,1998,11,1162,0,2,0,0
3491.292918,14,2004,12,6982,1,1,1,1
2272.907796,14,2007,15,4545,1,1,1,0
860.842301,14,2007,12,860,0,1,0,1
845.890048,14,2008,14,845,0,1,0,0
3550.828817,15,1934,11,3550,1,60,1,0
797.941394,15,1937,7,1595,0,69,0,0
2668.779298,15,1939,6,2668,1,68,1,0
1242.654219,15,1945,15,2485,0,54,1,0
1501.521736,15,1949,12,1501,1,57,1,0
810.397641,15,1950,8,1620,0,48,0,0
1279.849014,15,1951,15,1279,0,42,1,0
1134.895308,15,1952,15,1134,0,54,1,0
3710.336847,15,1954,18,3710,1,52,1,0
594.422676,15,1954,16,594,0,52,0,0
1106.525782,15,1962,6,1106,0,40,1,0
1300.62985,15,1968,17,2601,0,28,1,0
2496.774106,15,1971,8,4993,1,24,1,0
431.106033,15,1974,14,431,0,33,1,0
3659.34937,15,1979,10,7318,1,13,1,0
2000.38741,15,1985,14,2000,1,20,1,0
403.55213,15,1985,12,403,0,22,0,0
769.172367,15,1986,15,1538,0,11,1,0
4242.918843,15,1989,12,8485,1,17,1,1
1810.805066,15,1990,16,3621,1,12,1,0
5165.900076,15,1991,6,10331,1,6,0,1
899.018575,15,1991,12,1798,0,16,0,1
438.160255,15,1992,10,438,0,1,0,0
1011.319318,15,1992,9,2022,0,3,0,1
1386.159415,15,1993,16,2772,0,1,0,1
1723.995624,15,1994,8,3447,1,12,1,0
1436.179009,15,1997,6,2872,1,1,0,0
8479.21658,15,1998,11,8479,1,1,0,0
1787.838652,15,2001,8,3575,1,1,0,0
1403.427058,15,2005,12,1403,1,2,0,0
1251.926256,16,1935,7,2503,0,65,1,0
678.303089,16,1938,17,1356,0,65,1,0
933.630026,16,1941,7,933,0,66,0,0
420.522265,16,1943,8,841,0,62,0,0
2257.48392,16,1943,9,4514,1,56,1,0
8749.871426,16,1946,14,17499,1,47,1,1
2021.344344,16,1947,13,4042,1,48,1,0
851.457375,16,1952,8,851,0,55,0,0
2313.278735,16,1956,7,2313,1,37,1,0
2991.461463,16,1958,18,5982,1,35,1,0
457.181035,16,1959,16,457,0,37,0,0
2184.682613,16,1964,16,4369,1,36,1,0
1454.01606,16,1964,13,1454,1,40,1,0
2205.969691,16,1966,17,4411,1,31,1,0
988.654433,16,1967,12,1977,0,39,0,0
2673.85,16,1968,7,2673,1,36,1,0
820.679984,16,1969,9,820,0,27,1,0
609.236707,16,1975,10,1218,0,30,0,1
2729.756756,16,1976,11,5459,1,16,1,1
883.024541,16,1977,18,883,0,29,1,0
3225.46362,16,1978,10,6450,1,25,1,0
415.332253,16,1979,10,830,0,24,0,0
504.542177,16,1979,15,1009,0,17,1,0
1029.321573,16,1981,10,2058,0,13,1,0
1762.648583,16,1981,6,3525,1,24,1,0
924.420411,16,1981,12,924,0,12,0,0
1054.720593,16,1986,12,1054,0,6,0,0
1316.295403,16,1990,13,2632,0,3,0,1
1119.354525,16,1992,15,1119,0,8,1,1
434.722468,16,1999,10,434,0,1,1,0
492.167144,16,2001,7,984,0,2,0,0
1465.880445,16,2001,14,1465,1,1,0,1
1860.648763,16,2002,9,3721,1,1,1,1
2343.656155,16,2005,6,4687,1,1,0,0
4353.612865,16,2007,18,8707,1,1,0,0
523.082131,16,2008,17,1046,0,1,1,0
783.69908,17,1936,8,1567,0,61,1,0
1115.447057,17,1936,11,2230,0,65,1,0
810.724744,17,1944,13,810,0,61,0,1
741.435156,17,1945,18,1482,0,47,1,1
796.133369,17,1946,10,796,0,51,0,0
1250.338283,17,1952,17,1250,0,42,1,0
712.062839,17,1953,12,1424,0,53,1,0
6953.770715,17,1961,16,6953,1,36,1,0
4710.472965,17,1961,17,9420,1,36,1,1
9454.002716,17,1966,17,18908,1,35,1,0
502.738237,17,1966,13,502,0,29,0,0
573.643739,17,1967,10,1147,0,25,1,0
1572.703921,17,1970,10,1572,1,24,1,0
7142.527951,17,1971,12,7142,1,28,1,0
699.670316,17,1972,7,1399,0,23,0,0
1318.654518,17,1975,16,2637,0,29,1,0
863.769454,17,1976,9,1727,0,30,1,1
698.760439,17,1982,12,698,0,12,1,1
3688.607226,17,1984,7,3688,1,9,0,0
464.14317,17,1985,17,464,0,12,1,0
966.561342,17,1986,8,1933,0,9,1,0
4002.960271,17,1990,16,4002,1,12,1,0
1675.113847,17,1993,8,3350,1,5,0,1
1047.804879,17,1995,13,2095,0,1,0,0
469.938434,17,1998,6,939,0,3,0,0
1998.750459,17,1999,18,1998,1,1,0,0
961.23112,17,1999,9,961,0,8,0,1
467.885848,17,2001,12,935,0,1,0,1
1142.882239,17,2002,10,2285,0,1,0,0
1477.131989,17,2002,11,1477,1,1,1,0
1226.481613,17,2004,15,2452,0,1,1,0
1576.750157,18,1937,10,1576,1,56,1,0
863.339078,18,1939,8,863,0,64,0,0
1975.328618,18,1940,12,1975,1,58,1,0
2960.295859,18,1940,17,5920,1,55,1,0
1446.706594,18,1942,6,2893,1,52,1,0
2722.588005,18,1948,15,2722,1,49,1,0
1518.326967,18,1951,14,3036,1,44,1,0
7155.226431,18,1954,13,7155,1,46,1,0
860.888559,18,1954,9,1721,0,43,0,0
858.960229,18,1955,14,858,0,50,1,0
3391.061982,18,1961,17,6782,1,34,1,0
1223.134622,18,1975,14,2446,0,28,1,0
813.113984,18,1976,15,813,0,25,0,0
5135.461074,18,1976,6,5135,1,28,1,0
1343.709536,18,1979,12,2687,0,15,1,1
2200.847136,18,1988,17,2200,1,12,1,0
3857.318686,18,1989,15,3857,1,13,1,0
1940.496348,18,1992,9,1940,1,4,1,0
4501.172975,18,1992,14,9002,1,1,1,0
1260.244854,18,1996,8,2520,0,1,1,0
943.096457,18,1998,14,943,0,1,1,0
597.296101,18,1999,9,1194,0,1,0,0
3492.262859,18,1999,9,6984,1,2,0,1
438.803686,18,1999,14,877,0,1,0,1
1203.616992,18,2002,7,2407,0,1,0,0
7721.082916,18,2004,10,15442,1,1,1,1
889.991666,18,2005,11,1779,0,1,1,0
947.975309,19,1934,14,1895,0,65,0,0
1873.978584,19,1934,13,1873,1,62,1,0
1451.670709,19,1935,17,2903,1,64,1,0
511.792914,19,1936,13,511,0,64,0,1
424.982428,19,1937,14,424,0,61,1,1
602.407583,19,1940,15,1204,0,56,0,1
1025.363428,19,1942,16,2050,0,62,1,0
1937.365116,19,1944,17,1937,1,55,1,0
656.119364,19,1946,18,1312,0,49,0,1
1388.913491,19,1946,12,1388,0,48,1,0
2781.999577,19,1946,12,5563,1,61,1,0
4069.756118,19,1948,15,8139,1,47,1,1
2861.847186,19,1951,7,5723,1,48,1,1
909.489985,19,1951,11,909,0,53,0,0
948.373484,19,1957,11,1896,0,46,0,0
1341.569374,19,1957,17,2683,0,36,1,0
681.001639,19,1960,16,1362,0,44,0,0
636.027679,19,1965,6,636,0,31,0,1
1198.861158,19,1966,12,1198,0,26,1,1
417.174541,19,1966,13,834,0,35,0,0
598.103797,19,1968,15,1196,0,36,0,0
752.666253,19,1970,17,1505,0,31,0,0
894.239559,19,1971,17,894,0,26,0,0
492.607195,19,1974,8,492,0,33,1,0
819.747376,19,1987,12,819,0,7,0,1
1313.222839,19,1988,18,2626,0,9,0,0
2398.713233,19,1990,7,4797,1,12,1,0
904.933431,19,1990,6,904,0,14,0,0
460.428832,19,1990,11,460,0,11,0,0
1064.11615,19,1991,17,1064,0,13,1,0
1341.4789,19,1992,13,2682,0,5,1,0
1541.21327,19,1993,11,3082,1,2,0,0
2014.137073,19,2003,16,4028,1,1,0,0
591.398417,20,1935,8,591,0,61,0,0
2648.243361,20,1936,15,5296,1,64,1,0
1694.411345,20,1937,12,3388,1,66,1,1
1609.189268,20,1940,18,3218,1,62,1,0
1193.794353,20,1941,16,2387,0,63,1,0
996.549988,20,1943,16,1993,0,49,0,0
6828.66591,20,1947,14,6828,1,49,1,0
1191.918742,20,1947,18,1191,0,57,1,0
684.377119,20,1947,17,1368,0,45,1,0
539.534812,20,1949,15,539,0,54,1,0
4044.38267,20,1956,7,8088,1,48,1,0
5136.596572,20,1957,15,10273,1,44,1,0
986.094024,20,1961,11,1972,0,43,1,0
2589.358104,20,1965,7,2589,1,34,1,0
854.658594,20,1967,18,854,0,27,0,0
444.915487,20,1972,11,889,0,28,1,0
8282.904699,20,1974,15,8282,1,33,1,0
779.045703,20,1977,16,1558,0,27,0,1
4840.695694,20,1982,18,4840,1,16,1,0
775.223527,20,1985,18,775,0,9,0,0
550.230515,20,1986,11,1100,0,15,1,0
3580.713014,20,1987,6,7161,1,17,1,0
876.49595,20,1987,16,1752,0,16,0,0
1096.124251,20,1988,16,1096,0,9,0,0
681.364895,20,1990,7,1362,0,13,0,0
472.953032,20,1991,8,945,0,12,0,1
1804.908436,20,1994,18,1804,1,13,1,0
411.481783,20,1994,15,411,0,11,0,0
1269.993285,20,1995,11,1269,0,1,1,0
426.711598,20,1995,9,426,0,1,0,1
841.667649,20,1998,15,841,0,6,1,0
5394.474622,20,1999,9,5394,1,6,0,0
1023.020347,20,1999,11,2046,0,5,0,0
1098.916946,20,1999,17,1098,0,1,1,0
6315.606497,20,2001,13,6315,1,3,0,0
1322.499773,20,2003,12,2644,0,1,0,1
421.004634,20,2004,6,842,0,1,0,0
4125.000508,20,2004,12,8250,1,1,0,0
547.080748,20,2005,8,1094,0,1,1,1
1308.094125,21,1936,12,2616,0,61,1,0
3107.641038,21,1938,12,3107,1,67,1,0
1139.608244,21,1939,7,1139,0,61,1,0
5567.429747,21,1940,15,11134,1,61,1,0
679.840969,21,1940,13,679,0,66,0,0
6856.938784,21,1941,6,13713,1,64,1,1
467.34534,21,1947,9,934,0,50,0,1
894.521851,21,1947,7,1789,0,58,0,0
1305.52995,21,1948,18,2611,0,51,1,0
1989.300572,21,1948,10,1989,1,50,1,0
2903.237009,21,1950,15,5806,1,46,1,0
1055.864209,21,1952,8,2111,0,53,1,0
2233.469729,21,1953,15,4466,1,49,1,1
2225.348525,21,1957,16,4450,1,44,1,0
1343.2271,21,1962,14,1343,0,31,1,0
1062.273369,21,1964,15,1062,0,38,1,0
921.199175,21,1965,7,921,0,33,0,0
4213.956082,21,1968,12,8427,1,25,1,0
3575.346559,21,1968,9,7150,1,26,1,0
409.954669,21,1968,9,819,0,25,1,0
1193.373324,21,1968,6,1193,0,28,1,0
750.829207,21,1969,11,1501,0,29,0,0
1647.95097,21,1969,14,3295,1,37,1,0
1471.141066,21,1975,9,2942,1,31,1,1
1308.286626,21,1975,13,2616,0,28,1,1
518.559961,21,1983,15,518,0,9,1,0
857.915052,21,1984,14,857,0,8,0,1
920.768373,21,1990,14,920,0,3,0,0
441.115946,21,1991,14,441,0,10,0,0
2654.496611,21,1995,18,5308,1,9,1,0
833.267389,21,1997,11,833,0,6,1,0
1891.47053,21,1997,13,3782,1,1,0,0
618.985949,21,1999,9,618,0,1,1,0
817.526634,21,2006,6,817,0,1,0,0
488.453392,21,2008,8,976,0,1,0,0
4100.24919,22,1935,11,8200,1,70,1,0
1381.041364,22,1936,9,1381,0,62,1,1
1477.422326,22,1953,10,1477,1,43,1,0
5320.151014,22,1954,14,10640,1,52,1,1
1226.906608,22,1957,13,2453,0,42,1,1
3733.039444,22,1959,11,7466,1,44,1,0
535.367968,22,1959,6,1070,0,44,1,0
3472.845816,22,1960,14,3472,1,32,1,0
896.130039,22,1961,14,1792,0,37,0,0
1806.991356,22,1961,15,3613,1,36,1,0
556.633762,22,1962,17,556,0,45,1,0
665.013072,22,1963,16,1330,0,42,0,0
464.203485,22,1969,18,928,0,25,1,0
1364.795168,22,1969,16,2729,0,30,1,0
1150.01353,22,1974,17,2300,0,29,1,0
656.187505,22,1978,10,1312,0,26,1,0
414.513826,22,1978,10,829,0,15,0,1
493.032391,22,1980,10,986,0,15,1,1
721.046748,22,1980,8,1442,0,15,0,0
539.041607,22,1981,12,539,0,17,0,1
1165.637703,22,1984,6,2331,0,18,1,1
972.762695,22,1985,18,972,0,11,0,0
1314.721911,22,1989,15,2629,0,13,1,0
1314.801486,22,1990,13,1314,0,2,1,0
606.999416,22,1993,18,606,0,11,1,0
816.888549,22,1996,14,816,0,1,0,0
1590.446663,22,2001,8,1590,1,3,1,0
1027.365328,22,2005,8,2054,0,1,1,0
3368.86151,22,2007,6,3368,1,1,0,0
464.427605,23,1934,17,928,0,62,0,1
7698.248197,23,1938,13,7698,1,65,1,0
476.841919,23,1938,6,953,0,69,0,1
630.82503,23,1940,9,1261,0,59,1,0
2481.652182,23,1940,15,4963,1,64,1,1
1580.296756,23,1943,12,3160,1,57,1,0
1342.300152,23,1944,6,2684,0,55,1,0
1605.546783,23,1947,17,1605,1,47,1,0
1006.960998,23,1960,9,1006,0,39,1,0
510.527153,23,1967,8,1021,0,37,1,0
1522.377107,23,1968,10,1522,1,24,1,0
2596.489233,23,1968,8,5192,1,28,1,0
788.920329,23,1971,6,788,0,30,0,0
4917.202893,23,1971,9,9834,1,35,1,0
2509.185303,23,1974,9,2509,1,23,1,0
7632.711614,23,1974,9,7632,1,31,1,0
1340.846687,23,1975,7,2681,0,23,1,1
2250.102694,23,1976,18,2250,1,27,1,0
1181.934181,23,1980,13,2363,0,27,1,0
1410.917448,23,1981,18,1410,1,19,1,0
6527.088965,23,1983,17,6527,1,14,1,0
875.233464,23,1984,18,1750,0,21,0,0
1728.232733,23,1985,16,3456,1,20,1,0
3011.169362,23,1986,18,6022,1,9,0,0
610.26161,23,1989,7,1220,0,12,0,0
1959.976457,23,1993,16,1959,1,10,1,0
761.073543,23,1994,14,761,0,1,1,1
903.464888,23,1998,7,903,0,1,0,0
403.436679,23,1998,17,403,0,1,1,0
1156.057287,23,2003,11,2312,0,1,1,1
4108.385067,23,2003,9,8216,1,4,0,1
2852.468496,23,2005,9,5704,1,1,0,0
629.188815,24,1945,11,1258,0,51,0,0
3043.096548,24,1952,16,6086,1,55,1,0
413.49857,24,1953,16,826,0,49,0,0
1160.745215,24,1959,14,1160,0,41,1,0
793.707538,24,1964,18,1587,0,42,0,0
1231.02354,24,1965,12,1231,0,34,1,0
439.175859,24,1966,9,878,0,40,0,0
2026.35532,24,1972,18,2026,1,32,1,0
455.939125,24,1973,18,455,0,22,0,0
1010.267631,24,1974,14,1010,0,22,1,1
764.879225,24,1974,10,764,0,29,0,0
2078.606149,24,1978,16,4157,1,19,1,0
1498.423085,24,1987,17,2996,1,12,1,0
1697.645514,24,1988,18,3395,1,12,1,1
691.800824,24,1990,14,691,0,9,0,0
1063.047026,24,1993,13,1063,0,14,1,0
3070.121328,24,2000,8,6140,1,1,1,0
1263.752473,24,2005,13,1263,0,1,0,0
2894.845737,25,1936,11,5789,1,67,1,0
5935.905232,25,1940,7,11871,1,67,1,0
467.262983,25,1942,11,934,0,64,0,0
589.172128,25,1942,18,589,0,65,1,0
688.653476,25,1944,15,1377,0,62,0,0
854.487059,25,1944,18,1708,0,51,0,1
1065.072594,25,1947,17,2130,0,51,1,0
1879.438828,25,1951,11,1879,1,47,1,0
830.458948,25,1953,14,830,0,49,0,0
1203.429261,25,1955,14,1203,0,43,1,0
643.536468,25,1964,14,643,0,39,0,0
896.328175,25,1968,9,1792,0,24,0,0
406.406642,25,1968,13,406,0,27,0,1
827.660514,25,1970,7,827,0,29,0,0
530.94679,25,1972,18,530,0,22,1,0
901.458599,25,1975,11,901,0,31,0,0
5696.85071,25,1976,8,11393,1,24,1,0
679.805477,25,1978,7,1359,0,28,0,0
1890.614375,25,1982,16,3781,1,22,1,0
434.987647,25,1983,12,869,0,14,0,0
1275.648989,25,1986,7,2551,0,19,1,0
3731.49747,25,1990,15,3731,1,8,1,0
1309.912602,25,1991,7,2619,0,12,1,0
747.670476,25,1992,11,1495,0,12,0,1
1151.940485,25,1993,7,1151,0,5,0,0
834.409859,25,1997,18,834,0,2,0,1
964.875404,25,1998,18,964,0,1,0,0
660.708449,25,1998,7,660,0,3,0,0
779.421342,25,2002,9,1558,0,1,0,0
561.621761,25,2003,11,561,0,1,0,0
965.338302,25,2007,17,965,0,1,0,0
400.198602,26,1936,17,800,0,67,1,0
1726.919039,26,1940,14,3453,1,60,1,0
1474.546612,26,1943,16,1474,1,59,1,0
714.903649,26,1946,6,714,0,46,1,0
493.400169,26,1947,9,986,0,51,0,0
1548.28043,26,1954,6,3096,1,38,1,0
1018.03638,26,1958,8,1018,0,34,1,0
1092.504624,26,1961,11,1092,0,31,1,0
1163.775333,26,1975,10,1163,0,26,1,0
1049.391923,26,1975,12,2098,0,32,1,0
825.473692,26,1976,7,825,0,16,0,0
617.777348,26,1977,7,1235,0,22,0,0
6559.777086,26,1984,8,6559,1,10,1,0
1691.141298,26,1985,18,1691,1,21,1,0
1024.075985,26,1990,18,2048,0,9,0,0
1291.713209,26,1990,17,1291,0,17,1,0
649.676159,26,1991,15,649,0,14,0,0
459.922913,26,1993,18,919,0,13,0,0
4110.029197,26,1999,9,4110,1,1,0,0
1150.365598,26,2003,16,2300,0,1,0,0
1850.887253,27,1934,17,1850,1,72,1,0
623.376984,27,1935,15,623,0,57,0,1
420.026083,27,1938,11,840,0,65,1,0
703.764303,27,1940,10,1407,0,54,0,1
1364.232085,27,1949,7,1364,0,56,1,0
1243.439185,27,1949,15,1243,0,46,1,0
1147.342231,27,1951,17,2294,0,55,1,0
926.133184,27,1954,15,1852,0,41,0,0
3002.320929,27,1955,10,3002,1,46,1,1
2358.514896,27,1974,6,2358,1,24,1,0
659.163259,27,1975,14,1318,0,27,0,0
4133.794024,27,1976,6,4133,1,31,1,0
4003.754028,27,1976,8,4003,1,30,1,0
1197.685741,27,1978,14,1197,0,19,1,0
1738.345829,27,1981,6,1738,1,15,1,0
2018.258975,27,1985,10,4036,1,7,0,0
2098.484883,27,1987,12,4196,1,6,1,1
1500.764108,27,1990,15,3001,1,13,1,0
460.389676,27,1992,13,920,0,2,0,1
1210.043816,27,1994,7,2420,0,6,0,0
1721.162157,27,1998,12,3442,1,7,1,0
1632.657349,27,1999,17,1632,1,3,0,0
1286.796108,27,1999,9,2573,0,1,1,0
2660.815727,27,2004,6,5321,1,1,0,0
563.63206,27,2005,8,563,0,1,0,0
1016.010883,27,2006,10,1016,0,1,1,0
906.464982,27,2007,17,906,0,1,0,0
1033.691766,28,1936,18,2067,0,65,1,1
1124.416982,28,1936,11,1124,0,66,1,1
805.574208,28,1936,7,1611,0,68,0,0
595.848773,28,1938,10,595,0,55,0,0
832.936867,28,1941,15,832,0,57,1,0
1065.569348,28,1945,17,2131,0,58,1,0
2620.03548,28,1946,10,2620,1,46,1,0
1807.571896,28,1951,9,3615,1,51,1,0
957.308206,28,1954,12,1914,0,46,0,1
528.299079,28,1955,14,1056,0,38,0,1
2767.536411,28,1957,13,2767,1,35,1,0
762.795221,28,1957,12,762,0,45,0,0
1222.333568,28,1965,17,1222,0,35,1,1
1680.406353,28,1967,18,3360,1,30,1,0
442.564653,28,1969,10,885,0,35,1,0
4575.315167,28,1975,15,9150,1,25,1,1
490.66207,28,1975,6,490,0,20,1,0
435.163686,28,1980,15,870,0,18,0,0
1500.134956,28,1981,15,3000,1,19,1,0
1113.337359,28,1987,11,2226,0,10,0,1
761.752779,28,1990,14,761,0,15,1,0
558.169611,28,1990,6,1116,0,4,0,0
1148.745382,28,1990,18,2297,0,16,1,0
1304.329254,28,1990,17,1304,0,12,1,0
866.793976,28,1991,16,866,0,16,1,0
2825.71752,28,1992,11,2825,1,15,1,0
1236.394043,28,1996,14,1236,0,10,1,0
612.118803,28,1996,8,1224,0,3,0,0
1079.711306,28,1999,15,2159,0,1,1,0
619.489185,28,1999,14,619,0,1,1,0
730.472664,28,2000,16,1460,0,1,1,0
493.481428,28,2000,13,986,0,3,1,0
5879.894692,28,2004,10,11759,1,1,0,0
7091.287796,28,2007,15,7091,1,1,1,0
1440.551955,28,2008,7,2881,1,1,0,0
4106.329098,29,1936,6,8212,1,62,1,0
4655.993641,29,1936,13,9311,1,57,1,1
7295.171559,29,1937,7,14590,1,58,1,0
1284.112895,29,1942,18,2568,0,55,1,0
932.951272,29,1944,8,1865,0,58,0,0
4088.403048,29,1944,8,8176,1,63,1,0
1089.785786,29,1946,7,1089,0,57,1,0
1790.047622,29,1946,16,1790,1,59,1,0
786.156017,29,1955,12,786,0,38,1,0
5099.222304,29,1955,6,5099,1,44,1,0
1143.208521,29,1955,15,1143,0,42,1,0
843.271038,29,1959,6,1686,0,38,1,0
2215.064409,29,1962,6,4430,1,35,1,0
7518.819927,29,1966,6,7518,1,28,1,0
627.905689,29,1966,14,1255,0,31,1,1
934.466301,29,1967,8,934,0,25,0,0
1123.590626,29,1969,14,2247,0,23,1,0
2699.710253,29,1975,11,2699,1,24,1,0
1064.507752,29,1980,13,2129,0,20,1,1
3055.672605,29,1989,13,6111,1,5,1,0
1477.222723,29,1990,11,2954,1,10,0,0
3721.710077,29,1992,9,7443,1,9,1,0
463.323875,29,2000,16,463,0,1,1,1
2993.321211,29,2000,10,2993,1,4,1,0
2040.293987,29,2002,6,4080,1,2,0,0
2713.931435,29,2005,12,2713,1,2,0,0
824.228829,29,2005,14,1648,0,1,1,0
715.185796,29,2005,13,1430,0,1,0,0
1723.76575,29,2008,17,3447,1,1,1,1
1059.942079,29,2008,15,1059,0,1,0,0
617.479827,30,1934,11,1234,0,70,1,0
2470.627902,30,1936,9,4941,1,67,1,0
6653.355606,30,1936,11,13306,1,62,1,0
1351.513806,30,1940,17,2703,0,57,1,1
1288.254792,30,1943,12,1288,0,60,1,0
658.228542,30,1946,9,658,0,51,1,0
1379.617576,30,1948,9,1379,0,44,1,0
2471.533411,30,1953,10,4943,1,48,1,0
1752.11716,30,1954,6,1752,1,48,1,0
1606.452318,30,1959,17,1606,1,41,1,0
474.368125,30,1964,17,474,0,32,0,0
5790.924777,30,1966,16,11581,1,29,1,1
421.073619,30,1967,14,421,0,33,0,0
2208.496712,30,1972,10,4416,1,25,1,0
2936.523134,30,1973,9,5873,1,31,1,0
750.661478,30,1977,8,750,0,16,0,0
1786.333585,30,1981,18,1786,1,22,1,0
1562.637534,30,1982,16,1562,1,24,1,0
7913.581786,30,1986,9,7913,1,14,1,0
2063.033429,30,2004,7,2063,1,1,0,0
643.072559,31,1934,18,643,0,73,1,0
477.136282,31,1937,17,954,0,68,0,0
2468.835877,31,1938,6,2468,1,65,1,0
507.13191,31,1942,10,507,0,62,1,0
1355.157436,31,1942,14,1355,0,64,1,0
827.686542,31,1943,8,1655,0,51,1,0
1503.762443,31,1944,14,3007,1,48,1,0
3311.551849,31,1945,18,3311,1,47,1,0
696.425685,31,1946,13,696,0,59,1,0
1000.4515,31,1948,9,2000,0,48,1,0
577.358994,31,1949,9,1154,0,57,1,0
553.438212,31,1949,13,1106,0,46,1,0
1499.031644,31,1951,17,2998,1,55,1,0
635.699304,31,1956,7,635,0,36,1,1
1924.729212,31,1957,14,3849,1,38,1,1
2440.723102,31,1960,11,2440,1,34,1,0
1080.280273,31,1964,16,2160,0,33,1,0
1434.207973,31,1965,13,1434,1,31,1,0
1644.065101,31,1969,15,1644,1,38,1,0
5002.14434,31,1970,17,10004,1,27,1,1
1736.766502,31,1976,8,1736,1,19,1,0
477.974569,31,1976,7,477,0,20,0,0
2252.983651,31,1977,6,2252,1,25,1,0
537.266203,31,1977,15,1074,0,26,0,0
742.46363,31,1980,10,1484,0,15,1,0
2812.843483,31,1980,18,5625,1,26,1,0
798.468787,31,1988,7,798,0,10,0,0
1969.172011,31,1990,18,1969,1,10,1,0
400.779273,31,1992,12,400,0,13,0,0
1298.34883,31,1995,7,2596,0,6,0,1
441.811508,31,1996,12,441,0,3,1,0
514.415259,31,1998,7,514,0,1,1,0
601.975831,31,1998,11,601,0,6,1,0
1053.509687,31,2001,9,2107,0,1,0,0
1491.263824,31,2006,16,1491,1,1,1,0
1125.318753,31,2007,13,1125,0,1,1,0
1020.015926,31,2007,10,2040,0,1,0,0
1032.143405,32,1934,17,2064,0,59,1,0
1377.737308,32,1939,8,2755,0,65,1,0
9455.120105,32,1944,14,18910,1,49,1,1
1453.554735,32,1944,11,2907,1,62,1,0
822.778625,32,1947,17,822,0,46,0,0
4862.964048,32,1948,6,4862,1,52,1,0
678.497127,32,1954,12,1356,0,38,1,0
1361.82816,32,1955,17,1361,0,47,1,1
5745.183509,32,1957,10,5745,1,44,1,0
578.149439,32,1973,16,578,0,19,1,0
2719.272116,32,1979,11,5438,1,14,1,1
1450.835337,32,1980,15,2901,1,12,1,1
3080.821537,32,1982,17,3080,1,15,1,0
1048.254689,32,1989,13,1048,0,13,1,0
792.897249,32,1993,11,1585,0,2,0,0
1460.577023,32,1994,11,2921,1,9,0,0
820.962894,32,1994,11,1641,0,1,0,0
1432.079361,32,1995,6,1432,1,1,1,0
4235.581834,32,1997,8,4235,1,1,1,0
3384.847912,32,1997,8,3384,1,1,1,0
1094.860458,32,2001,17,2189,0,1,0,1
725.439148,33,1937,10,1450,0,65,0,0
640.641574,33,1939,7,640,0,65,0,0
1864.31986,33,1942,13,3728,1,50,1,0
1075.068017,33,1946,8,2150,0,60,1,1
4639.362445,33,1954,7,9278,1,45,1,0
2004.792105,33,1961,18,2004,1,34,1,0
409.930828,33,1965,16,409,0,33,0,0
3290.179623,33,1967,9,3290,1,29,1,0
3974.109967,33,1967,9,7948,1,36,1,0
1344.807729,33,1973,15,2689,0,29,1,0
1160.999124,33,1974,17,2321,0,33,1,0
4183.72686,33,1978,7,8367,1,19,1,0
923.310165,33,1985,18,923,0,10,0,0
836.716663,33,1989,13,1673,0,11,1,0
2826.022172,33,1989,15,5652,1,12,1,1
4885.526106,33,1989,16,4885,1,5,0,0
6891.582343,33,1990,11,6891,1,4,0,0
1934.629865,33,1992,18,1934,1,11,1,0
4085.967537,33,1993,11,8171,1,5,1,0
564.804405,33,2001,16,564,0,4,1,0
1558.556858,33,2008,6,3117,1,1,0,0
3114.006595,34,1937,10,6228,1,56,1,0
1330.131789,34,1940,7,2660,0,59,1,0
412.419863,34,1940,13,824,0,53,0,1
827.562324,34,1944,14,827,0,60,0,0
3490.573169,34,1944,11,6981,1,55,1,0
741.533338,34,1948,11,1483,0,44,0,0
607.623475,34,1952,11,1215,0,51,0,0
467.130744,34,1953,14,934,0,45,1,0
1493.742211,34,1954,10,2987,1,44,1,0
4445.298452,34,1961,6,8890,1,41,1,0
451.417293,34,1963,13,451,0,31,0,0
4780.863376,34,1963,15,9561,1,34,1,1
2016.015648,34,1963,6,2016,1,42,1,0
1665.03387,34,1965,9,1665,1,27,1,0
946.793438,34,1969,14,946,0,29,0,0
1468.512739,34,1969,8,2937,1,29,1,1
562.172537,34,1973,15,562,0,23,0,0
1355.997705,34,1974,17,1355,0,18,1,0
573.597813,34,1977,15,573,0,20,0,0
1025.143949,34,1979,7,2050,0,14,1,0
955.729527,34,1980,13,1911,0,22,0,0
2627.863495,34,1986,13,5255,1,16,1,0
5641.509118,34,1994,12,11283,1,8,1,0
671.586335,34,1999,16,1343,0,1,0,0
495.523029,34,1999,10,991,0,1,0,0
3277.123731,34,2004,11,3277,1,1,0,0
894.557688,34,2005,7,1789,0,1,0,0
506.837319,34,2006,6,1013,0,1,0,0
585.198089,34,2007,17,1170,0,1,1,0
583.136584,34,2008,8,1166,0,1,0,0
1877.073836,35,1936,13,3754,1,66,1,1
4920.059012,35,1937,9,9840,1,56,1,0
441.782555,35,1943,14,883,0,55,0,0
3783.894913,35,1944,10,3783,1,53,1,0
599.512215,35,1945,7,1199,0,55,0,0
2262.250727,35,1949,15,4524,1,53,1,0
1149.449205,35,1949,9,1149,0,52,1,0
3509.49294,35,1950,13,3509,1,52,1,0
1959.440405,35,1950,6,1959,1,57,1,0
2345.20983,35,1950,14,4690,1,45,1,0
613.09736,35,1951,13,613,0,50,0,0
422.652539,35,1959,6,845,0,48,0,0
682.490767,35,1961,10,1364,0,35,1,0
7461.863654,35,1961,10,7461,1,36,1,0
3246.224926,35,1964,8,3246,1,43,1,0
2734.999755,35,1964,18,5469,1,37,1,0
2336.567369,35,1964,10,4673,1,42,1,0
2096.733783,35,1967,17,4193,1,30,1,1
1428.546932,35,1976,14,1428,1,17,1,0
420.509371,35,1976,6,841,0,21,1,0
450.030058,35,1984,14,900,0,8,0,0
735.592739,35,1985,16,1471,0,8,0,0
1158.176012,35,1992,8,2316,0,4,1,0
5618.66864,35,1993,8,11237,1,12,1,0
826.473407,35,1995,16,826,0,1,0,0
3003.683195,35,1995,9,6007,1,1,0,0
600.908242,35,1999,10,600,0,6,1,0
2644.44542,35,1999,16,5288,1,7,0,0
1144.27754,36,1940,7,2288,0,56,1,0
489.533775,36,1942,13,979,0,50,1,0
531.77162,36,1945,12,1063,0,55,1,0
1758.022515,36,1946,12,1758,1,54,1,0
1049.966932,36,1949,12,2099,0,43,1,0
974.617049,36,1949,11,974,0,43,0,0
971.533339,36,1952,9,1943,0,52,0,0
658.578431,36,1952,9,658,0,48,1,1
911.668566,36,1955,7,1823,0,41,0,0
508.481118,36,1958,10,508,0,37,1,0
551.142712,36,1960,8,551,0,46,0,0
4348.979301,36,1960,14,4348,1,36,1,0
1323.010026,36,1961,17,1323,0,35,1,1
2850.678335,36,1962,8,5701,1,45,1,1
775.600541,36,1962,16,775,0,42,0,0
4701.587027,36,1962,18,4701,1,43,1,0
1547.693195,36,1964,6,3095,1,30,1,0
420.309772,36,1964,14,840,0,42,1,0
482.775226,36,1967,11,965,0,40,1,0
462.309979,36,1980,9,462,0,17,1,0
1958.771444,36,1981,14,3917,1,24,1,0
2862.112205,36,1982,7,2862,1,19,1,0
1983.771174,36,1983,13,1983,1,17,1,0
657.463913,36,1988,16,1314,0,17,0,0
885.270128,36,1989,7,1770,0,8,0,1
1143.017454,36,1993,6,2286,0,11,1,0
4601.444076,36,1996,10,9202,1,4,1,0
799.319145,36,2000,10,799,0,1,1,0
4842.525387,36,2001,7,4842,1,1,1,0
2664.661091,36,2008,13,2664,1,1,0,0
2373.657706,37,1934,13,2373,1,68,1,0
1825.712808,37,1938,12,1825,1,57,1,0
510.697257,37,1940,14,1021,0,61,0,0
2474.724868,37,1941,17,2474,1,60,1,0
1164.617258,37,1948,16,2329,0,57,1,0
1716.683984,37,1948,9,3433,1,57,1,1
1292.96058,37,1948,17,1292,0,45,1,0
1165.74091,37,1951,15,2331,0,56,1,0
672.127328,37,1952,8,1344,0,47,1,0
7863.423965,37,1952,18,15726,1,54,1,0
781.814288,37,1955,18,1563,0,46,1,1
2369.258632,37,1956,7,2369,1,36,1,0
2182.912221,37,1957,17,2182,1,42,1,0
1184.31144,37,1961,15,2368,0,32,1,0
2157.81824,37,1962,15,2157,1,41,1,0
5594.544116,37,1967,12,5594,1,38,1,1
1568.879687,37,1972,18,3137,1,25,1,1
950.987915,37,1982,16,1901,0,12,0,0
923.271965,37,1984,8,1846,0,11,0,0
1592.556425,37,1984,13,3185,1,20,1,0
534.15383,37,1990,10,534,0,10,1,0
1692.251619,37,1995,12,1692,1,1,0,0
2199.515822,37,2003,18,4399,1,1,0,0
1091.654093,37,2007,7,1091,0,1,0,0
1124.707264,37,2007,15,1124,0,1,0,0
1664.49105,37,2008,14,3328,1,1,0,0
1707.784294,38,1949,16,3415,1,49,1,1
1924.963594,38,1951,10,1924,1,48,1,0
4903.419695,38,1952,9,4903,1,50,1,0
3690.924943,38,1953,13,3690,1,54,1,0
889.51444,38,1955,12,1779,0,44,0,0
486.295897,38,1960,15,972,0,38,1,0
5428.456183,38,1961,17,5428,1,38,1,0
1096.750532,38,1963,17,1096,0,33,1,0
5144.903625,38,1965,16,10289,1,36,1,1
1146.511477,38,1971,18,1146,0,22,1,0
4205.637616,38,1975,16,8411,1,23,1,1
1879.605819,38,1975,16,1879,1,28,1,0
1781.603604,38,1976,13,1781,1,30,1,0
719.995404,38,1977,8,719,0,30,1,0
695.801996,38,1996,15,1391,0,1,1,1
3021.143522,38,1999,8,6042,1,1,1,0
2160.986324,38,2002,12,4321,1,1,0,1
641.168281,38,2003,16,1282,0,1,0,0
733.682444,39,1937,9,1467,0,56,1,0
3615.276496,39,1945,10,7230,1,52,1,0
573.361679,39,1950,6,1146,0,57,1,0
1138.311835,39,1951,11,1138,0,41,1,0
3264.108431,39,1954,13,3264,1,45,1,0
568.432022,39,1957,7,568,0,41,0,0
3184.024813,39,1957,9,3184,1,38,1,0
1549.928038,39,1963,16,1549,1,36,1,0
2184.048259,39,1963,6,2184,1,33,1,0
1953.926437,39,1964,14,3907,1,42,1,0
767.551295,39,1968,7,1535,0,33,0,0
1164.928604,39,1968,16,2329,0,31,1,0
2998.733736,39,1970,11,2998,1,37,1,0
410.645969,39,1972,9,821,0,31,0,0
2376.231466,39,1974,9,2376,1,32,1,0
458.567338,39,1980,13,458,0,15,0,0
883.702577,39,1985,9,883,0,17,1,1
6758.39768,39,1986,16,6758,1,11,1,0
477.88941,39,1986,9,477,0,21,0,0
2732.894245,39,1987,9,2732,1,8,1,0
688.167872,39,1987,11,688,0,10,1,0
693.599357,39,1989,15,1387,0,6,0,0
6345.044988,39,1993,18,12690,1,11,1,1
862.271827,39,1996,10,862,0,1,1,0
1575.470046,39,1996,6,1575,1,2,1,0
3816.152481,39,2000,15,7632,1,3,0,0
4332.612704,39,2005,8,4332,1,1,1,0
1407.554843,39,2005,15,2815,1,1,0,1
888.716214,39,2005,15,888,0,1,1,0
1661.83579,39,2008,10,1661,1,1,0,0
1192.040916,40,1934,17,1192,0,67,1,0
1526.620768,40,1934,9,3053,1,70,1,0
1562.590097,40,1937,10,3125,1,69,1,0
2855.154441,40,1941,16,5710,1,54,1,0
2350.987833,40,1942,18,2350,1,52,1,0
807.288255,40,1954,16,807,0,49,0,0
1495.623847,40,1956,16,2991,1,40,1,0
611.725016,40,1956,6,1223,0,43,0,0
622.234942,40,1958,6,622,0,46,0,0
640.847724,40,1959,14,1281,0,45,0,0
5203.98941,40,1962,13,5203,1,37,1,0
414.332387,29,1978,11,413,0,16,1,1
2721.14555,9,1978,11,5441,1,14,1,1
1425.062157,14,1969,11,1424,0,30,1,1
3609.874637,4,2004,13,7219,1,1,0,1
1362.825902,14,1984,9,2725,0,13,1,1
1349.332095,4,1947,14,2698,0,50,1,1
721.733496,27,1939,13,1442,0,58,0,1
475.365182,20,1937,7,950,0,68,0,1
1947.716892,6,1964,12,3894,1,27,1,1
8691.252096,18,1983,8,17381,1,13,1,1
1255.20082,22,1972,10,2509,0,27,1,1
2744.507379,11,1968,15,4174,1,32,1,1
1714.097702,37,1972,16,3427,1,30,1,1
1359.113874,15,1974,11,2717,0,21,1,1
607.967028,16,1974,10,1215,0,30,0,1
871.465093,3,1968,11,1742,0,27,1,1
4372.116686,38,1954,10,8743,1,52,1,1
625.230924,19,1963,12,1249,0,40,0,1
1439.544959,4,1979,8,2878,1,24,1,1
592.096655,31,1942,9,591,0,55,0,1
580.010231,20,1953,17,1159,0,50,0,1
818.902535,3,1948,6,1637,0,58,0,1
5078.15128,22,1979,11,10155,1,17,1,1
880.853859,28,1986,7,1761,0,12,0,1
2200.764085,35,1952,15,4400,1,46,1,1
950.089772,21,1977,10,949,0,24,0,1
1343.49514,14,1966,9,2686,0,31,1,1
507.747829,22,1958,12,507,0,43,0,1
880.055287,15,1987,14,1760,0,16,0,1
1465.184347,4,1970,8,2930,1,27,1,1
1912.905765,6,1950,13,3825,1,46,1,1
511.759318,13,1936,13,510,0,63,1,1
4725.367123,17,1998,8,9450,1,7,1,1
888.439725,28,1989,8,1776,0,9,0,1
1173.217749,22,1985,15,2345,0,15,1,1
3626.826315,4,2004,13,7253,1,1,0,1
473.147288,23,1941,7,945,0,61,0,1
1429.345314,16,1973,11,1428,0,27,1,1
757.820325,25,1958,17,1515,0,38,1,1
724.546808,25,1935,13,1448,0,62,1,1
3964.510249,38,1997,7,7928,1,8,1,1
1719.610794,20,1992,16,3438,1,13,1,1
1347.831411,15,1977,7,2695,0,20,1,1
1514.935762,6,1962,9,1514,0,34,1,1
3520.581846,36,2003,12,6962,1,1,1,1
1988.474263,14,1968,17,1988,1,28,1,1
7946.115372,5,1991,10,15891,1,11,1,1
1482.979962,20,1974,10,2965,1,30,1,1
2363.207752,27,1957,16,4224,1,38,1,1
1688.411799,29,1990,13,3376,1,9,1,1
4763.805662,18,1962,10,5633,1,41,1,1
740.439655,36,1958,15,740,0,33,1,1
514.793574,9,1935,13,514,0,64,0,1
1124.865843,28,1986,9,2249,0,11,1,1
1041.985885,12,1947,18,2083,0,54,1,1
834.269398,25,1986,11,833,0,9,0,1
1960.371001,6,1944,12,3920,1,57,1,1
1290.174535,3,1969,8,1289,0,34,1,1
489.481829,6,1982,10,978,0,13,0,1
2777.245066,33,1971,9,5554,1,27,1,1
1686.755482,37,1996,10,3373,1,4,1,1
2143.192016,38,1955,16,4285,1,40,1,1
753.532943,19,1955,15,753,0,38,0,1
1096.806901,29,1999,16,2192,0,1,1,1
4605.411592,28,1960,14,9210,1,36,1,1
1176.666627,28,1952,12,1175,0,46,1,1
693.285407,36,1980,11,692,0,13,1,1
735.392787,17,1991,10,734,0,8,1,1
713.560252,19,1973,13,712,0,19,1,1
1314.473259,20,1990,12,2628,0,3,1,1
2019.328401,31,1982,8,4038,1,16,1,1
1994.859946,6,1967,17,1994,1,28,1,1
514.310636,9,1940,12,513,0,59,0,1
2725.823536,32,1977,11,5451,1,15,1,1
1314.056917,20,1985,13,2627,0,9,1,1
612.948836,19,1940,13,1225,0,55,0,1
628.016615,19,1965,13,1255,0,31,0,1
811.003629,21,1945,12,810,0,59,0,1
2724.858815,36,1979,11,5449,1,13,1,1
1207.572335,22,1961,10,2414,0,32,1,1
562.839271,28,1994,14,1125,0,4,1,1
7061.664837,21,1941,6,14122,1,62,1,1
811.293429,19,1946,13,810,0,58,0,1
1362.668676,16,1954,16,1361,0,47,1,1
716.924072,36,1992,10,716,0,6,1,1
9476.784209,18,1982,14,18953,1,10,1,1
526.466,10,1955,13,1052,0,38,1,1
2139.383453,11,1962,16,4278,1,35,1,1
1345.14998,23,1971,12,2689,0,22,1,1
1927.838984,6,1936,12,3855,1,68,1,1
522.096555,28,1955,13,1043,0,39,0,1
2728.214878,36,1976,11,5455,1,15,1,1
466.184017,23,1941,12,931,0,54,0,1
654.649976,27,1946,17,1308,0,51,0,1
493.808171,9,1994,10,493,0,9,1,1
1303.188396,22,1957,13,1303,0,43,1,1
696.038758,7,1981,13,1391,0,15,0,1
5709.911599,22,1967,11,11419,1,34,1,1
1492.931165,32,1954,10,1492,0,43,1,1
2386.311404,21,1943,14,4771,1,51,1,1
864.066631,3,1983,17,1728,0,17,0,1
1320.284446,4,1998,12,2639,0,1,1,1
867.79643,15,1984,14,1735,0,14,0,1
3999.135578,19,1995,6,7997,1,10,1,1
724.868207,38,1935,13,1449,0,62,1,1
4108.520532,4,1955,15,8216,1,40,1,1
1163.548787,28,1988,7,2326,0,14,1,1
1177.096499,28,1973,12,1176,0,21,1,1
1364.589324,12,1985,13,2728,0,8,1,1
4593.663129,3,1979,13,9186,1,21,1,1
1445.324167,15,1983,15,2890,0,10,1,1
1288.931755,22,1991,7,2577,0,8,1,1
1933.09677,6,1959,13,3865,1,33,1,1
631.261713,36,1962,6,631,0,33,0,1
1349.910477,14,1964,8,2699,0,35,1,1
1036.514919,29,1939,18,2072,0,61,1,1
1099.372794,33,1969,11,2198,0,30,1,1
2351.356631,21,1943,14,4702,1,51,1,1
638.372776,27,1958,15,1276,0,37,0,1
707.131039,19,1995,14,1413,0,3,0,1
577.625374,5,1991,12,1154,0,7,1,1
1546.600277,10,1943,12,1546,0,50,1,1
3980.401394,5,1955,14,7960,1,40,1,1
2236.775385,27,1952,14,4472,1,49,1,1
412.496306,14,1941,12,824,0,51,0,1
4708.357745,34,1960,16,9415,1,36,1,1
5260.318888,22,1959,10,10520,1,44,1,1
2762.065086,32,1972,10,5523,1,23,1,1
1639.343212,17,1985,11,3278,1,11,1,1
1116.234394,16,1938,11,1115,0,62,1,1
1346.507179,23,1977,7,2692,0,21,1,1
410.955204,2,1980,15,821,0,14,0,1
1470.083256,15,1972,8,2939,1,30,1,1
846.568287,25,2000,12,845,0,3,0,1
695.990716,38,1984,13,1391,0,12,0,1
743.595941,7,1961,15,1486,0,34,0,1
601.655204,5,1974,9,1203,0,25,0,1
1992.832645,6,1958,10,3985,1,45,1,1
1098.570205,33,1996,16,2196,0,4,1,1
4450.25811,15,1934,10,8900,1,72,1,1
740.427959,17,1962,15,740,0,30,1,1
407.718044,34,1987,16,814,0,7,0,1
1300.012399,3,1967,11,1299,0,34,1,1
857.633193,36,1972,8,1714,0,33,0,1
1469.569833,10,1998,13,1468,0,3,1,1
1327.282415,14,1997,12,2653,0,4,1,1
1312.386085,4,1992,10,2624,0,10,1,1
1706.774019,38,1958,8,3413,1,44,1,1
1871.430696,6,1958,11,3742,1,43,1,1
1344.821685,3,1957,17,1344,0,41,1,1
5733.385993,21,1969,15,11466,1,35,1,1
5228.233263,14,1972,11,5836,1,31,1,1
1165.084492,28,1945,12,1164,0,57,1,1
5171.028869,2,1989,6,10341,1,7,1,1
3569.753826,19,2002,11,7138,1,2,0,1
4023.080988,5,1991,8,8045,1,12,1,1
1308.073227,4,1975,12,2615,0,27,1,1
4062.68946,4,1948,14,8124,1,46,0,1
4682.482127,1,1941,13,9364,1,52,1,1
1428.627011,15,1977,8,2857,1,21,1,1
745.378191,37,1984,11,1490,0,18,0,1
1122.438048,28,1986,12,2244,0,12,1,1
1551.687489,14,1943,14,1551,0,50,1,1
663.259021,23,1955,9,662,0,43,1,1
592.309252,29,1963,14,1184,0,41,0,1
422.923149,2,1991,15,845,0,7,0,1
893.796867,36,1990,10,1787,0,12,0,1
1697.944001,29,1986,17,3395,1,13,1,1
1709.282172,37,1944,9,3418,1,59,1,1
635.974841,17,1963,6,635,0,31,1,1
1160.583906,28,1978,13,1159,0,17,1,1
904.104416,21,1990,11,903,0,8,0,1
3996.508081,38,1981,8,7992,1,20,1,1
4138.470623,4,1981,13,8276,1,19,1,1
4908.57384,34,1967,16,9816,1,29,1,1
2329.230725,21,1960,15,4657,1,39,1,1
834.265901,25,1994,12,833,0,4,0,1
1020.32447,12,1970,11,2039,0,27,0,1
980.448109,28,1943,12,1959,0,55,0,1
509.647875,19,1991,11,509,0,12,0,1
813.947,19,1959,12,813,0,41,0,1
859.94924,25,1982,17,1719,0,19,0,1
632.019261,13,1962,6,631,0,33,0,1
584.91331,5,1983,10,1169,0,12,1,1
877.315862,25,1984,10,876,0,14,0,1
677.407706,19,1972,16,1354,0,23,0,1
1030.494096,12,1957,14,2060,0,43,0,1
605.314113,8,1954,12,1209,0,44,0,1
2739.434104,16,1951,12,2739,1,53,1,1
823.810231,25,1992,13,822,0,8,0,1
860.063138,11,1963,12,1719,0,38,1,1
1696.49254,24,1969,15,3392,1,31,1,1
3970.545001,19,2004,15,7940,1,2,1,1
2660.60378,16,1956,12,5320,1,49,1,1
456.264194,18,2000,12,911,0,1,0,1
5065.374745,34,1971,14,10130,1,25,1,1
1177.679484,22,1976,7,2355,0,22,1,1
1893.998641,6,1943,13,3787,1,56,1,1
1029.609801,12,1947,15,2058,0,53,1,1
532.54972,22,1983,11,532,0,15,0,1
457.779288,6,1992,13,914,0,1,0,1
4000.320455,38,1989,16,8000,1,14,1,1
487.351175,6,1983,9,974,0,14,0,1
649.916566,27,1956,7,649,0,41,1,1
1319.74034,21,1997,12,2638,0,1,1,1
728.900623,7,1934,13,1457,0,63,0,1
1143.758744,32,1996,11,2287,0,5,1,1
635.980715,19,1963,6,635,0,31,0,1
503.873903,22,1938,15,503,0,63,0,1
591.79182,5,1971,9,1183,0,23,1,1
1336.736734,20,1981,8,2672,0,18,1,1
5199.836177,15,1982,7,10398,1,16,1,1
9375.637318,12,1977,14,18750,1,15,1,1
585.048946,20,1983,10,1169,0,13,0,1
635.744926,9,1940,12,635,0,53,1,1
4904.220438,29,1966,16,9807,1,30,1,1
1371.42428,10,1940,10,1371,0,57,1,1
465.276461,23,1937,14,929,0,58,0,1
2859.718815,32,1953,7,5718,1,47,1,1
1122.866003,24,1953,12,1122,0,48,1,1
791.219791,2,1966,12,1582,0,38,1,1
651.168218,29,1946,15,1301,0,56,0,1
424.77142,14,1986,11,849,0,9,0,1
4687.509036,17,1963,16,9374,1,34,1,1
832.568885,5,1996,17,832,0,3,0,1
712.304486,23,1989,10,711,0,7,1,1
1353.514834,23,1975,13,2706,0,22,1,1
471.209541,9,1936,13,470,0,62,0,1
1393.740465,15,1997,11,2787,0,5,1,1
854.240147,21,1985,10,853,0,12,0,1
1331.440695,10,1957,15,1331,0,38,1,1
1697.403013,37,1984,17,3394,1,16,1,1
427.837536,17,1989,12,855,0,7,0,1
739.295928,19,1969,14,738,0,25,1,1
877.199081,25,1984,7,1753,0,16,0,1
9470.980624,32,1982,14,18941,1,10,1,1
1067.233416,29,1971,11,2134,0,30,1,1
451.276815,17,1994,13,901,0,8,0,1
4188.276322,4,1994,10,8375,1,11,1,1
465.858572,6,1991,10,930,0,6,0,1
1288.751302,22,1991,7,2576,0,8,1,1
756.094464,19,1984,14,755,0,9,1,1
4696.433129,1,1944,13,9391,1,49,1,1
875.436096,36,1980,9,1750,0,25,0,1
754.140704,25,1988,12,1507,0,15,1,1
1345.561342,30,1978,12,2690,0,16,1,1
1359.482284,4,1964,11,2718,0,34,1,1
779.946015,17,1969,16,1559,0,33,0,1
798.0032,7,1989,12,797,0,4,1,1
6685.35661,2,1958,10,13370,1,46,1,1
860.222703,19,2002,12,859,0,2,0,1
574.091325,20,1993,14,1147,0,6,0,1
1362.216101,4,1952,10,2723,0,48,1,1
411.220133,2,1956,13,821,0,41,0,1
727.757829,20,1968,10,1455,0,31,0,1
425.387538,14,1975,14,850,0,24,0,1
2058.018123,35,1986,9,4115,1,9,1,1
848.959019,15,1974,15,1697,0,28,0,1
857.249399,36,1965,18,1714,0,32,1,1
850.174247,21,1977,13,849,0,16,0,1
498.2624,13,1955,16,498,0,48,0,1
2149.615972,27,1954,16,4298,1,42,1,1
1470.158129,34,1972,8,2940,1,30,1,1
3616.762125,18,2004,13,7233,1,1,0,1
2404.99908,38,1951,15,4809,1,44,1,1
1360.717101,14,1947,11,2720,0,53,1,1
8774.934118,16,1945,14,17549,1,47,1,1
9416.612644,5,1944,14,18832,1,48,1,1
1102.56933,29,1991,15,2204,0,7,1,1
453.526076,19,1998,14,453,0,1,1,1
523.468887,22,1955,13,1046,0,39,1,1
516.460374,9,1935,13,515,0,65,0,1
503.526362,9,1989,11,503,0,15,0,1
522.204734,28,1955,13,1043,0,39,0,1
779.379386,20,1974,16,1558,0,29,0,1
1717.891152,17,1958,10,3435,1,47,1,1
2842.866637,29,1952,11,2842,1,50,1,1
4688.970969,34,1951,15,9376,1,44,1,1
704.219492,17,1985,11,703,0,10,1,1
437.761437,2,1997,14,874,0,2,0,1
1523.605859,16,1955,9,1523,0,40,1,1
2382.332779,38,1942,14,4763,1,52,1,1
4010.833946,15,1975,10,8021,1,25,1,1
1938.882668,6,1949,13,3877,1,49,1,1
9003.734027,32,1958,14,18006,1,34,1,1
8527.47558,12,1968,9,17054,1,27,1,1
471.551165,14,1952,9,942,0,44,0,1
1031.41243,4,1977,14,1031,0,19,1,1
3650.572355,18,2001,9,7300,1,3,0,1
1331.937074,31,1988,9,2663,0,12,1,1
504.687956,8,1945,13,503,0,54,1,1
1597.800532,32,1977,15,3194,1,19,1,1
2817.312023,37,1952,11,2817,1,51,1,1
465.961388,18,1955,9,931,0,40,0,1
604.636258,36,1941,10,603,0,54,0,1
913.824916,4,1990,9,913,0,13,0,1
5879.581298,2,1970,16,11758,1,26,1,1
4089.381615,19,2002,8,8178,1,4,1,1
448.607904,21,1995,13,896,0,6,0,1
1192.540181,28,1968,12,1191,0,24,1,1
4102.494692,4,2003,9,8204,1,3,0,1
465.882725,17,1990,11,930,0,14,0,1
506.569127,29,1937,14,506,0,63,0,1
1346.500308,4,1957,17,2692,0,43,1,1
861.553084,3,1979,13,1722,0,23,0,1
2402.280592,21,1941,14,4803,1,55,1,1
1465.373084,39,1969,8,2930,1,27,1,1
411.926611,22,1964,13,823,0,28,0,1
2474.679391,3,1940,15,4949,1,63,1,1
5093.485076,38,1981,10,10186,1,15,1,1
5299.817797,3,1957,8,10599,1,47,1,1
1430.569562,14,1985,15,1429,0,16,1,1
1922.337901,6,1991,16,3843,1,13,1,1
414.19277,2,1972,10,828,0,20,0,1
1697.983647,24,1986,17,3395,1,13,1,1
837.32044,25,1944,12,1673,0,55,1,1
1909.462107,6,1950,13,3818,1,46,1,1
2343.96809,23,1943,14,4687,1,51,1,1
2225.871097,27,1952,15,4450,1,48,1,1
640.339395,19,1955,7,639,0,38,0,1
1002.966328,4,1974,13,1002,0,21,1,1
463.825937,6,1951,15,926,0,47,0,1
628.746169,36,1944,11,628,0,47,0,1
1446.605828,16,1994,12,1445,0,7,1,1
650.706783,19,1945,15,1300,0,50,0,1
823.881513,14,1993,14,823,0,8,0,1
1392.136973,16,1935,9,1392,0,61,1,1
606.411643,29,1940,14,1211,0,55,0,1
810.188041,36,1957,17,1619,0,34,1,1
818.989298,17,1983,12,818,0,11,0,1
474.853782,22,1939,6,949,0,65,0,1
5458.729091,39,1959,11,10917,1,41,1,1
649.326982,9,1953,8,648,0,43,0,1
511.936222,19,1955,15,511,0,46,0,1
696.093394,27,1978,12,1391,0,18,0,1
1337.507127,23,1987,16,2674,0,19,1,1
1231.261328,28,1960,8,1230,0,45,1,1
1420.378876,32,1981,8,2840,1,20,1,1
876.119059,24,2005,11,875,0,2,0,1
1872.093623,5,1956,11,3743,1,46,1,1
1515.780933,21,1970,12,3031,1,27,1,1
1957.697155,6,1949,12,3914,1,51,1,1
639.504622,6,1943,10,1278,0,53,0,1
1158.221562,11,1998,9,2316,0,4,1,1
771.723123,20,1952,18,1542,0,46,0,1
8085.728701,18,1944,11,16170,1,52,1,1
1707.776551,24,1957,8,3415,1,45,1,1
414.229292,18,1979,10,828,0,13,0,1
1299.904875,20,1994,7,2599,0,6,1,1
1175.110049,28,1956,11,1174,0,38,1,1
3920.469119,4,1997,6,7840,1,8,1,1
1898.984305,2,1976,15,3797,1,26,1,1
1108.963206,29,1990,12,2217,0,7,1,1
417.934158,19,1983,10,417,0,12,1,1
1252.04244,36,1960,14,1251,0,40,1,1
4229.203875,19,1983,13,8457,1,19,1,1
1695.994548,17,1938,12,3391,1,63,1,1
866.080187,5,2001,11,865,0,4,0,1
2779.456933,19,1984,13,5558,1,12,1,1
4167.412231,19,1986,13,8334,1,15,1,1
889.687704,39,1981,12,888,0,13,0,1
1382.419481,4,1991,13,2764,0,4,1,1
520.349436,9,1963,14,520,0,37,0,1
1136.50672,22,1986,12,2272,0,12,1,1
779.598584,2,1972,16,1558,0,30,0,1
807.229157,25,1958,16,1613,0,33,1,1
1716.19891,29,1947,9,3432,1,57,1,1
703.544593,7,1941,10,1406,0,52,0,1
4195.908358,3,1991,12,8391,1,14,1,1
855.465597,37,1981,17,1710,0,19,0,1
713.490322,38,1951,13,1426,0,43,0,1
522.294454,9,1951,14,521,0,53,0,1
4679.859677,29,1965,10,9358,1,33,1,1
574.900398,16,1995,13,1149,0,4,0,1
602.50971,19,1940,14,1204,0,55,0,1
950.398665,24,1976,11,949,0,24,0,1
461.841603,17,1990,13,922,0,11,0,1
1135.129029,11,1982,9,2269,0,16,1,1
812.334491,25,1950,10,1624,0,50,0,1
1328.984604,18,1993,10,2657,0,8,1,1
959.306589,28,1978,11,958,0,19,1,1
2809.9403,33,1960,8,5619,1,35,1,1
468.931325,13,1992,15,468,0,8,1,1
415.801669,22,1979,10,831,0,14,0,1
714.168202,7,1984,12,713,0,9,1,1
470.549538,21,1974,10,940,0,26,0,1
862.558991,36,1977,11,1724,0,26,0,1
1373.669948,22,1953,16,1372,0,47,1,1
1045.641398,15,1979,14,2090,0,22,1,1
3950.918531,23,2001,9,7901,1,3,1,1
610.436835,16,1940,13,1220,0,55,0,1
2019.657052,8,1982,8,4038,1,16,1,1
2324.066141,3,1946,14,4647,1,51,1,1
2575.006472,21,1947,13,5149,1,58,1,1
631.946102,4,1963,14,1263,0,33,0,1
4712.39487,29,1999,8,9424,1,5,1,1
1348.908656,16,1979,14,2697,0,21,1,1
859.692709,39,1997,12,858,0,3,0,1
1352.100321,18,1981,12,2703,0,12,1,1
1327.710234,4,1995,10,2654,0,7,1,1
1179.091898,11,1994,14,2357,0,9,1,1
461.637251,27,1990,13,922,0,9,0,1
2315.154282,23,1944,14,4629,1,50,1,1
980.344104,17,1989,10,980,0,13,1,1
410.01539,20,1972,12,409,0,22,1,1
635.915835,31,1961,6,635,0,32,1,1
451.697147,29,1993,15,451,0,6,1,1
1172.520178,22,1984,8,2344,0,18,1,1
5174.466104,31,1968,12,10348,1,31,1,1
8323.961982,39,1984,7,16647,1,14,1,1
6896.399797,22,1943,6,13791,1,61,1,1
5244.122402,15,1970,7,10487,1,27,1,1
2102.686751,21,1970,16,4204,1,27,1,1
605.195466,19,1954,12,1209,0,45,0,1
1004.92116,14,1974,13,1004,0,22,0,1
1318.588161,31,1975,11,2636,0,26,0,1
605.425688,27,1946,8,604,0,49,0,1
4659.373912,1,1966,16,9317,1,31,1,1
424.949379,22,1987,11,849,0,8,0,1
986.643533,28,1955,10,1972,0,39,0,1
1521.421527,34,1975,16,3042,1,19,1,1
497.313187,9,1941,17,497,0,62,0,1
885.486253,17,1989,7,1770,0,8,0,1
528.557967,28,1959,14,1056,0,34,1,1
876.45368,15,1983,7,1752,0,17,0,1
540.073674,31,1936,15,539,0,67,0,1
5295.032733,15,1955,14,10589,1,49,1,1
1536.240646,21,1973,14,3071,1,27,1,1
1296.724766,22,1994,7,2592,0,6,1,1
846.178703,21,2001,12,845,0,4,0,1
4140.048693,15,1995,13,8279,1,10,1,1
881.889912,17,1984,8,1763,0,12,1,1
825.027226,21,1993,14,824,0,8,0,1
4420.772873,4,1941,10,8841,1,65,1,1
1338.554079,14,1985,15,2676,0,20,1,1
461.255785,18,1991,13,921,0,7,0,1
965.028642,4,1997,9,964,0,9,1,1
5100.844384,38,1965,16,10201,1,34,1,1
1712.413931,38,1945,9,3424,1,58,1,1
9535.850474,5,1984,14,19071,1,8,1,1
852.508978,14,2002,12,851,0,2,0,1
540.37379,31,1936,15,539,0,67,0,1
6964.577767,6,1948,6,13928,1,56,1,1
433.401474,9,1989,9,432,0,6,1,1
758.786538,25,1979,13,1517,0,23,0,1
2684.57286,19,1962,12,5368,1,38,1,1
1417.099673,3,1984,10,1416,0,16,1,1
2107.95348,11,1981,12,4214,1,12,1,1
1158.621256,28,1979,13,1158,0,16,1,1
1041.808963,15,1993,11,2082,0,8,1,1
691.075656,12,1979,11,690,0,14,1,1
8841.086969,18,1945,14,17681,1,47,1,1
1710.196339,37,1997,17,3419,1,6,1,1
2600.023312,36,1949,13,5199,1,56,1,1
472.797465,8,1983,16,472,0,18,0,1
853.068574,25,1944,17,1705,0,51,1,1
884.85594,25,1988,7,1769,0,8,0,1
4214.915438,4,1978,15,8429,1,21,1,1
1959.971,6,1945,12,3919,1,56,1,1
456.495212,8,1999,14,456,0,1,1,1
869.134601,17,1979,8,1737,0,24,0,1
599.298618,8,1941,15,1197,0,55,0,1
469.77875,23,1966,8,938,0,33,0,1
1991.288478,6,1967,10,3982,1,30,1,1
548.018534,14,1954,15,1095,0,42,1,1
1713.261017,20,1955,10,3426,1,48,1,1
1088.395465,29,1958,9,2176,0,43,1,1
652.327985,16,1946,16,1304,0,55,0,1
1721.575648,17,1989,14,3442,1,18,1,1
820.226299,19,1979,13,819,0,23,0,1
1117.080187,2,1981,12,2233,0,16,1,1
713.79739,36,1988,9,713,0,13,1,1
785.379569,3,1971,14,1570,0,33,1,1
500.2148,8,1940,17,500,0,63,0,1
637.210492,27,1948,9,636,0,50,0,1
781.246777,11,1975,16,1562,0,27,0,1
3919.766431,19,1997,6,7839,1,8,0,1
695.917148,7,1988,14,1391,0,8,0,1
4211.310196,15,1981,12,8421,1,22,1,1
852.355068,19,1992,14,851,0,7,0,1
3971.569683,38,2005,16,7942,1,1,1,1
524.14976,9,1948,14,523,0,56,0,1
4618.764152,34,1970,15,9236,1,28,1,1
1309.418367,16,1998,9,2618,0,3,1,1
4232.258529,15,1984,13,8463,1,18,1,1
411.801628,18,1960,12,823,0,36,0,1
1357.498051,4,1944,13,2714,0,54,1,1
727.268887,25,1937,14,1454,0,60,0,1
4593.543108,3,1948,13,9186,1,52,1,1
1095.595251,32,1980,13,2191,0,17,1,1
1045.489442,4,1991,12,2090,0,10,1,1
2937.522685,9,1961,13,2937,1,41,1,1
1299.308225,10,1967,11,1298,0,34,1,1
604.27586,19,1971,11,1208,0,33,0,1
767.799958,7,1951,18,1534,0,46,0,1
530.124337,10,1986,16,1059,0,10,1,1
1209.613564,22,1957,10,2418,0,34,1,1
1090.75961,33,1980,13,2181,0,17,1,1
1062.124729,29,1949,12,2123,0,55,1,1
515.602359,14,1959,12,1030,0,36,0,1
987.932534,28,1956,10,1974,0,37,1,1
1468.775785,32,1969,8,2937,1,29,1,1
1000.139893,28,1950,12,1999,0,49,0,1
412.171471,22,1952,13,823,0,40,0,1
5305.825027,15,1956,10,10611,1,49,1,1
3964.654405,23,1957,13,7928,1,38,1,1
5093.737818,15,1966,16,10186,1,32,1,1
1348.981419,30,1974,9,2697,0,23,1,1
4230.442774,19,1990,11,8460,1,15,1,1
5712.755296,3,1964,14,11424,1,32,1,1
846.114771,5,1990,16,845,0,4,0,1
9021.200657,32,1959,14,18041,1,33,1,1
1194.679409,28,1964,11,1193,0,28,1,1
823.752625,19,1992,13,822,0,8,0,1
4671.740135,34,1955,11,9342,1,41,1,1
881.25885,14,1985,9,880,0,16,0,1
647.09749,27,1950,9,646,0,49,0,1
1395.400082,32,1985,8,2790,1,15,1,1
4181.236285,36,1964,9,5649,1,41,1,1
1245.538513,3,1968,12,1244,0,34,1,1
2544.800168,23,1945,14,5089,1,60,1,1
1034.324263,12,1956,15,2067,0,45,0,1
4753.739086,31,1962,15,9506,1,34,1,1
1318.357175,21,1994,12,2635,0,2,1,1
1610.78365,34,1960,15,3220,1,38,1,1
1271.717211,19,1957,12,1271,0,44,1,1
578.935816,5,1954,17,1157,0,49,1,1
1351.454363,14,1940,16,2702,0,56,1,1
518.75123,22,1935,14,518,0,66,1,1
473.890746,19,1998,14,473,0,3,1,1
2696.638017,23,1966,11,5392,1,32,1,1
647.252903,29,1952,16,1294,0,43,0,1
4665.53525,34,1940,13,9330,1,53,1,1
1826.563962,35,2003,16,3411,1,4,1,1
1984.073298,2,1950,10,3967,1,53,1,1
704.45421,25,1979,14,1408,0,17,1,1
1102.489372,29,1995,14,2204,0,4,1,1
1516.361203,10,1955,8,1516,0,40,1,1
1904.806609,2,2002,15,3808,1,1,1,1
1937.104812,6,1961,13,3873,1,32,1,1
4611.844074,17,1950,14,9223,1,49,1,1
1171.552669,28,1974,13,1170,0,19,1,1
469.791824,17,1966,8,938,0,33,0,1
546.917615,5,2004,8,1093,0,1,1,1
1699.345007,24,1939,11,3397,1,64,1,1
4724.433958,34,1961,16,9447,1,35,1,1
1693.345772,29,1973,8,3386,1,27,1,1
5719.88654,6,1967,11,11439,1,33,1,1
1038.680321,12,1999,10,2076,0,1,1,1
2824.587679,16,1960,8,5648,1,46,1,1
984.606708,39,1975,12,984,0,23,1,1
644.239366,19,1944,12,1287,0,55,0,1
1968.506979,6,1944,12,3936,1,58,1,1
1695.397967,24,1937,12,3389,1,64,1,1
527.385441,9,1969,13,527,0,29,0,1
467.633045,20,1955,13,934,0,43,0,1
2160.377461,8,1991,12,4319,1,9,1,1
699.292853,7,1949,10,1397,0,46,1,1
856.072859,5,2004,12,855,0,1,0,1
853.443556,5,1986,14,852,0,6,0,1
1066.72544,29,2001,13,2132,0,1,1,1
635.938877,9,1962,6,635,0,32,0,1
2130.421911,8,1994,12,4259,1,3,1,1
413.491216,18,1959,11,826,0,33,0,1
1287.40143,36,1961,9,1287,0,43,1,1
1863.963424,5,1988,9,3727,1,14,1,1
4480.772873,28,1934,10,8961,1,70,1,1
1289.842008,28,1958,10,1289,0,46,1,1
827.988577,19,1994,15,827,0,6,0,1
1347.874956,14,1972,11,2695,0,23,1,1
714.549356,23,1991,10,713,0,7,1,1
631.312534,19,1956,12,1261,0,40,0,1
1156.994848,22,2002,10,2313,0,1,1,1
1882.71255,2,1938,13,3765,1,62,1,1
1959.682455,14,1970,15,1959,1,30,1,1
8788.005795,18,1945,14,17575,1,47,1,1
1288.424966,3,1960,9,1288,0,44,1,1
714.219916,25,1961,14,1427,0,35,1,1
1896.558313,6,1944,13,3792,1,55,1,1
658.565219,9,1951,9,657,0,48,0,1
478.695322,19,1997,13,478,0,5,0,1
598.764468,5,1972,8,1197,0,21,1,1
1340.973515,3,1953,14,1340,0,43,1,1
829.32245,25,1968,17,1658,0,27,0,1
5206.292582,3,1961,11,10412,1,41,1,1
1170.119922,22,1997,13,2339,0,6,1,1
4514.678492,28,1934,10,9028,1,67,1,1
4224.555771,19,1982,13,8448,1,19,1,1
647.195471,19,1944,13,1293,0,51,0,1
1963.660426,6,1939,12,3926,1,65,1,1
487.992063,22,1982,9,975,0,14,0,1
1888.909127,16,1941,13,3777,1,59,1,1
1986.248365,6,1968,16,1986,1,29,1,1
1347.592536,23,1959,14,2694,0,35,1,1
4054.070904,19,2004,12,8107,1,2,1,1
720.391027,2,1950,14,1440,0,47,1,1
3491.937057,14,2000,10,6983,1,1,1,1
1104.94619,4,1978,10,2209,0,20,1,1
991.100156,4,1983,12,990,0,16,1,1
555.053437,9,1970,11,554,0,26,0,1
4710.475899,34,1961,16,9420,1,35,1,1
2723.902148,27,1951,12,2723,1,53,1,1
1935.840699,6,1960,13,3871,1,32,1,1
1420.597314,4,1986,15,2840,1,6,1,1
5240.041754,3,1960,11,10479,1,43,1,1
466.932022,23,1945,10,933,0,51,0,1
5226.812422,38,1974,6,10452,1,21,1,1
602.166075,5,1940,15,1203,0,55,0,1
417.210684,27,1993,14,833,0,1,0,1
858.569539,3,1958,14,1716,0,41,1,1
683.198879,29,1952,12,1365,0,43,0,1
470.172587,23,1944,8,939,0,55,0,1
1813.27647,7,1953,16,1812,1,40,1,1
613.298083,19,1970,9,1226,0,33,0,1
829.91179,21,1995,16,829,0,4,0,1
1310.212376,31,1998,9,2619,0,3,1,1
528.043301,8,1935,15,527,0,69,1,1
1343.80386,4,1974,7,2686,0,23,1,1
650.629874,6,1945,15,1300,0,56,0,1
780.186737,11,1967,16,1560,0,34,1,1
1324.426421,16,2001,12,2647,0,3,1,1
537.223571,5,1978,11,1074,0,20,1,1
411.776067,9,1959,13,411,0,36,0,1
779.403285,20,1976,15,1558,0,27,1,1
650.114352,9,1968,7,649,0,26,1,1
4712.528157,34,2002,7,9424,1,3,1,1
510.521344,9,1953,16,510,0,48,0,1
1937.20358,16,1984,14,3873,1,17,1,1
411.198251,22,1956,13,821,0,41,0,1
750.729438,7,1992,13,750,0,2,1,1
850.531913,25,1984,13,849,0,7,0,1
2804.145991,32,1960,9,5607,1,46,1,1
6412.812953,18,1951,10,12824,1,49,1,1
1508.067525,10,1998,14,1507,1,3,1,1
1264.606308,22,1981,8,2528,0,16,1,1
892.826548,25,1990,9,1785,0,12,0,1
4668.740648,29,1956,15,9336,1,41,1,1
1311.506953,4,1981,13,2622,0,17,0,1
1309.719514,16,1991,10,2618,0,4,1,1
1346.911083,14,1963,14,2693,0,32,1,1
514.761046,9,1935,13,513,0,64,0,1
5248.406864,31,1969,8,10496,1,28,1,1
1058.630481,4,1949,13,2116,0,54,1,1
1678.91349,29,1987,8,3357,1,10,1,1
2135.105273,27,1977,12,4269,1,17,1,1
413.790586,19,1955,13,413,0,40,0,1
431.054587,2,1981,13,861,0,16,0,1
2179.585856,35,1952,15,4358,1,45,1,1
613.048104,36,1938,12,612,0,55,1,1
2719.710989,16,1956,11,5438,1,50,1,1
2000.857334,16,1967,17,2000,1,28,1,1
1323.162244,32,1960,16,1323,0,35,1,1
2678.569493,9,1958,13,5356,1,47,1,1
7345.77923,12,1942,8,14690,1,59,1,1
1344.594402,4,1974,12,2688,0,19,1,1
1185.742642,28,1970,12,1184,0,23,1,1
1094.031631,32,1966,9,2187,0,35,1,1
1439.918174,16,1962,10,1439,0,36,1,1
2828.774,19,1986,14,5657,1,14,1,1
1049.411525,12,1996,11,2098,0,5,1,1
1061.076287,12,1983,12,2122,0,16,1,1
988.800657,28,1945,12,1976,0,52,0,1
2811.106939,16,1952,12,2810,1,51,1,1
2823.231414,33,1960,8,5646,1,46,1,1
1951.569679,6,1943,12,3902,1,59,1,1
4695.603047,1,1954,15,9390,1,41,1,1
1328.559191,4,1988,14,2656,0,16,1,1
1102.854387,4,1994,14,2205,0,4,1,1
1027.795481,12,1963,12,2054,0,37,1,1
1343.442633,30,1978,11,2686,0,15,1,1
1335.557825,23,1987,16,2670,0,17,1,1
696.299152,2,1995,14,1391,0,1,0,1
1449.696242,4,1980,15,2898,1,11,1,1
1064.629259,12,1979,12,2129,0,20,1,1
497.870442,22,1950,16,497,0,53,0,1
5196.094238,38,1982,6,10391,1,13,1,1
1071.728221,28,2001,14,2142,0,1,1,1
1359.389849,18,1946,12,2718,0,54,1,1
6969.07518,39,1949,6,13937,1,55,1,1
4058.136378,38,1954,15,8115,1,41,1,1
961.834802,15,1955,11,1923,0,43,0,1
8235.984424,32,1974,12,16471,1,24,1,1
859.224026,21,2006,12,858,0,1,0,1
1566.391858,20,1972,17,3132,1,24,1,1
1343.114828,23,1978,10,2685,0,16,1,1
7001.796546,5,1941,6,14002,1,63,1,1
4152.027374,23,1998,9,8303,1,8,1,1
2076.57448,29,1993,9,3585,1,9,1,1
1881.152617,35,2002,12,3761,1,1,1,1
861.706019,3,1979,13,1723,0,24,0,1
687.576028,17,1977,11,686,0,16,0,1
475.40332,20,1939,6,950,0,66,0,1
1175.134432,19,1947,13,1174,0,55,1,1
8499.011996,18,1968,10,16997,1,29,1,1
4634.822569,29,1968,15,9268,1,29,1,1
483.605152,20,1983,10,966,0,15,0,1
4105.706857,15,1956,14,8210,1,40,1,1
647.273272,19,1952,16,1294,0,43,0,1
1702.998873,24,1967,16,3405,1,31,1,1
1685.367781,29,1963,10,3370,1,37,1,1
1341.390172,14,1975,7,2682,0,21,1,1
1402.528437,32,1952,10,1402,0,46,1,1
7937.426458,5,1991,10,15874,1,10,1,1
412.129009,18,1954,13,823,0,38,0,1
9273.638146,32,1950,12,18546,1,43,1,1
777.231457,20,1959,17,1553,0,41,0,1
1132.387207,24,1939,11,1131,0,61,1,1
1205.827956,28,1965,13,1205,0,28,1,1
2914.464111,21,1973,15,4076,1,26,1,1
1849.268046,10,1965,14,1848,1,37,1,1
465.692998,23,1957,9,930,0,38,0,1
406.504363,34,1965,16,812,0,33,0,1
700.06644,7,1948,10,1399,0,47,1,1
1676.661621,37,1992,8,3353,1,5,1,1
606.477973,6,1973,10,1212,0,31,0,1
2753.220066,9,1951,12,2752,1,52,1,1
1951.363481,6,1958,12,3901,1,36,1,1
737.301379,12,1980,12,736,0,17,1,1
5857.252176,6,1976,13,11714,1,28,1,1
956.51248,24,1990,9,956,0,14,0,1
537.097725,9,1970,12,536,0,29,0,1
990.218424,28,1959,9,1979,0,34,0,1
833.976008,19,1990,14,833,0,8,0,1
978.668887,28,1947,11,1956,0,49,0,1
1719.794118,17,2004,17,3439,1,2,1,1
1356.053443,4,1943,14,2711,0,55,1,1
5699.614351,15,1967,10,11398,1,35,1,1
592.429868,19,1963,14,1184,0,41,0,1
4059.457868,4,2000,7,8118,1,5,1,1
630.347133,19,1959,12,1259,0,37,0,1
1694.571518,20,1937,12,3388,1,65,1,1
1069.86188,28,1962,10,2139,0,40,1,1
1122.695488,24,1955,12,1122,0,46,1,1
4596.326632,29,1973,15,9192,1,25,1,1
471.741088,23,1981,8,942,0,20,0,1
465.011686,23,1967,10,929,0,33,0,1
1299.893523,21,1994,7,2599,0,5,1,1
2678.994429,32,1960,12,5357,1,41,1,1
1718.663925,14,1985,14,1717,1,18,1,1
1036.817787,4,1998,10,2072,0,1,1,1
1964.842677,5,1963,12,3929,1,35,1,1
1322.429572,31,2002,12,2643,0,1,1,1
460.508772,6,1991,13,920,0,2,0,1
678.532034,7,1976,10,678,0,18,1,1
1293.908704,10,1968,9,1293,0,34,1,1
1912.589109,6,1951,13,3824,1,45,1,1
1024.180338,28,1959,12,2047,0,41,1,1
1916.576368,6,1952,13,3832,1,44,1,1
4576.836018,34,1974,14,9153,1,25,1,1
5264.443698,31,1966,8,10528,1,36,1,1
2182.525703,35,1952,15,4364,1,45,1,1
1032.648032,12,1938,17,2064,0,62,1,1
1299.257823,16,1994,7,2597,0,5,1,1
2223.935031,35,1952,15,4446,1,48,1,1
1011.393587,12,1991,9,2022,0,3,1,1
829.911966,39,1991,12,829,0,5,0,1
1351.741673,22,1956,17,1351,0,43,1,1
1464.019752,32,1999,13,1463,0,2,1,1
857.798886,36,1969,18,1715,0,29,1,1
4950.897684,3,1968,16,9901,1,28,1,1
470.696131,20,1995,9,940,0,7,0,1
2799.267798,29,1963,11,3072,1,38,1,1
1112.100573,4,1982,12,2223,0,14,1,1
1921.202219,6,1964,10,3842,1,41,1,1
625.440861,5,1966,13,1250,0,30,1,1
1394.567085,21,1984,8,2788,1,15,1,1
499.840726,13,1975,13,499,0,29,0,1
468.831952,27,1990,9,936,0,13,0,1
952.487178,25,1956,11,1904,0,43,0,1
615.263617,27,1952,7,614,0,43,1,1
8523.829124,32,1969,9,17046,1,27,1,1
864.03539,39,1984,12,863,0,10,0,1
504.029012,22,1938,15,503,0,63,1,1
917.84244,15,1979,12,1835,0,25,0,1
2123.456745,11,1981,14,4246,1,17,1,1
2838.311784,16,1961,8,5676,1,45,1,1
1331.087118,31,1980,9,2661,0,15,1,1
3108.821239,36,1952,7,5711,1,47,1,1
827.707081,14,1994,15,827,0,6,0,1
3080.656942,21,1978,16,3907,1,18,1,1
878.295069,21,2005,11,877,0,2,0,1
653.109381,4,1946,16,1305,0,54,0,1
1282.436128,36,1956,11,1282,0,47,1,1
4078.007788,38,1959,13,8155,1,37,1,1
1175.019145,22,1995,13,2349,0,8,1,1
635.835228,17,1959,6,635,0,33,0,1
686.311289,36,1978,10,685,0,15,1,1
8072.70981,18,1992,8,16144,1,8,1,1
1419.789409,32,1985,10,1419,0,16,1,1
1316.897987,23,1991,11,2633,0,12,1,1
1170.873615,28,1978,16,1170,0,21,1,1
5779.148736,22,1966,15,11557,1,29,1,1
476.091972,23,1938,6,951,0,67,0,1
4173.481101,15,1996,10,8346,1,10,1,1
672.583476,7,1943,15,1344,0,50,1,1
576.950542,10,1994,13,1153,0,6,0,1
1986.80758,10,1968,17,1986,1,28,1,1
1335.047069,16,1990,15,2669,0,16,1,1
653.524364,29,1947,17,1306,0,47,0,1
1706.768789,17,1952,16,3412,1,45,1,1
4218.115736,4,1979,14,8435,1,20,1,1
654.822719,6,1946,17,1309,0,51,0,1
1350.454694,12,1945,16,2700,0,51,1,1
9525.449108,12,1978,14,19050,1,14,1,1
460.894489,6,1991,13,920,0,5,0,1
1313.869543,10,1963,14,1313,0,34,1,1
460.667985,17,1991,12,920,0,2,0,1
5047.684407,38,1970,14,10095,1,25,1,1
934.990816,24,1978,10,934,0,23,0,1
514.614372,9,1967,13,514,0,37,0,1
8343.411473,18,1997,11,16686,1,3,1,1
4469.072212,17,1934,10,8937,1,71,1,1
2114.002187,38,1963,13,4227,1,33,1,1
570.329203,5,1997,13,1140,0,3,1,1
883.331744,17,1974,14,1766,0,28,0,1
4137.697525,15,1961,15,8275,1,34,1,1
553.042625,16,2002,9,1105,0,1,0,1
1358.237439,15,1973,12,2715,0,22,1,1
889.189713,25,1986,11,1778,0,19,0,1
1309.102816,16,1976,13,2617,0,25,0,1
701.43814,7,1956,11,1402,0,38,1,1
2740.549796,32,1971,13,5480,1,32,1,1
5304.413885,15,1954,14,10608,1,50,1,1
898.734429,3,1990,11,1797,0,15,0,1
9482.592394,16,1957,14,18964,1,35,1,1
1372.944981,10,1944,12,1372,0,55,1,1
1143.556625,6,1939,11,1142,0,64,1,1
528.796178,28,1963,14,1056,0,30,1,1
460.099146,20,1992,13,919,0,1,0,1
1407.296514,15,1986,13,2814,1,8,1,1
2681.56197,36,1964,12,5362,1,37,1,1
1389.783473,39,1986,9,2779,1,12,1,1
4704.416482,1,1946,13,9407,1,48,1,1
